date,var3,var1,var5,var2,var4
2018-01-01,8.4,92,33,0.09,0
2018-01-02,5.8,84,29,-0.12,0
2018-01-03,11.0,102,21,-0.09,0
2018-01-04,10.8,114,17,-0.25,0
2018-01-05,7.6,111,37,-0.04,0
2018-01-06,12.9,85,31,0.15,0
2018-01-07,6.7,86,27,0.11,0
2018-01-08,4.5,100,24,0.05,0
2018-01-09,13.6,96,31,0.07,0
2018-01-10,7.9,94,29,0.02,0
2018-01-11,7.8,96,21,0.11,0
2018-01-12,6.6,119,30,0.18,0
2018-01-13,17.7,125,26,-0.05,0
2018-01-14,6.4,103,38,0.15,0
2018-01-15,12.7,125,30,0.22,0
2018-01-16,12.7,100,14,0.09,0
2018-01-17,12.1,108,35,0.21,0
2018-01-18,9.5,97,36,0.43,0
2018-01-19,6.5,116,23,0.15,0
2018-01-20,10.7,131,21,0.21,0
2018-01-21,12.1,115,29,0.1,0
2018-01-22,8.1,105,23,0.2,0
2018-01-23,12.4,118,25,0.24,0
2018-01-24,11.5,95,36,0.22,0
2018-01-25,15.9,130,26,0.11,0
2018-01-26,7.6,113,24,0.24,0
2018-01-27,17.7,111,32,0.37,0
2018-01-28,14.1,118,27,0.28,0
2018-01-29,12.0,120,27,0.34,0
2018-01-30,12.8,95,28,0.22,0
2018-01-31,19.5,124,25,0.33,0
2018-02-01,6.1,104,25,0.29,0
2018-02-02,11.9,126,15,0.17,0
2018-02-03,6.1,132,22,0.31,0
2018-02-04,13.7,131,23,0.18,0
2018-02-05,13.1,120,26,0.23,0
2018-02-06,11.8,119,32,0.32,0
2018-02-07,8.1,101,26,0.33,0
2018-02-08,7.1,132,21,0.19,0
2018-02-09,11.9,108,32,0.42,0
2018-02-10,16.3,119,22,0.38,0
2018-02-11,9.2,110,28,0.26,0
2018-02-12,11.6,103,27,0.18,0
2018-02-13,8.0,127,23,0.33,0
2018-02-14,11.3,99,33,0.31,0
2018-02-15,12.1,133,21,0.37,0
2018-02-16,9.0,113,31,0.33,0
2018-02-17,7.5,98,20,0.17,0
2018-02-18,11.1,123,18,0.33,0
2018-02-19,11.1,100,18,0.35,0
2018-02-20,7.3,112,21,0.45,0
2018-02-21,12.2,134,32,0.32,0
2018-02-22,10.1,102,29,0.56,0
2018-02-23,10.8,141,18,0.21,0
2018-02-24,15.4,100,33,0.54,0
2018-02-25,8.6,112,32,0.39,0
2018-02-26,11.7,137,16,0.5,0
2018-02-27,8.7,116,39,0.43,0
2018-02-28,16.0,106,30,0.54,0
2018-03-01,13.6,119,28,0.39,0
2018-03-02,8.6,114,29,0.32,0
2018-03-03,17.7,144,23,0.58,0
2018-03-04,12.3,117,23,0.43,0
2018-03-05,14.9,141,32,0.47,0
2018-03-06,13.7,147,19,0.57,0
2018-03-07,10.2,124,29,0.35,0
2018-03-08,15.8,148,18,0.52,0
2018-03-09,10.5,121,22,0.4,0
2018-03-10,20.7,152,29,0.45,0
2018-03-11,6.9,107,28,0.47,0
2018-03-12,18.4,138,22,0.32,0
2018-03-13,12.5,128,25,0.39,0
2018-03-14,13.2,123,38,0.61,0
2018-03-15,16.1,136,33,0.57,0
2018-03-16,12.0,139,28,0.47,0
2018-03-17,12.9,103,43,0.51,0
2018-03-18,3.1,112,22,0.46,0
2018-03-19,11.8,140,25,0.62,0
2018-03-20,11.0,138,22,0.47,1
2018-03-21,11.6,154,10,0.51,0
2018-03-22,13.7,143,23,0.61,0
2018-03-23,16.5,153,16,0.42,0
2018-03-24,16.1,140,29,0.65,0
2018-03-25,12.6,119,24,0.34,0
2018-03-26,8.9,109,25,0.66,0
2018-03-27,15.6,145,28,0.46,0
2018-03-28,14.1,137,22,0.47,0
2018-03-29,13.4,106,34,0.31,0
2018-03-30,14.6,123,27,0.45,0
2018-03-31,15.5,154,21,0.4,0
2018-04-01,10.3,130,22,0.44,0
2018-04-02,10.6,126,27,0.49,0
2018-04-03,11.2,128,23,0.6,0
2018-04-04,10.6,115,22,0.52,0
2018-04-05,13.1,123,24,0.53,0
2018-04-06,14.4,123,31,0.39,0
2018-04-07,10.5,107,31,0.41,0
2018-04-08,14.4,144,25,0.68,0
2018-04-09,12.9,125,25,0.42,0
2018-04-10,13.1,146,11,0.66,0
2018-04-11,12.0,148,14,0.47,0
2018-04-12,6.2,115,25,0.49,0
2018-04-13,11.7,138,16,0.6,0
2018-04-14,14.2,128,21,0.62,0
2018-04-15,12.8,149,17,0.47,0
2018-04-16,10.7,114,24,0.45,0
2018-04-17,15.2,138,29,0.48,0
2018-04-18,15.0,134,22,0.51,0
2018-04-19,8.6,118,31,0.57,0
2018-04-20,14.0,110,28,0.47,0
2018-04-21,17.0,136,29,0.53,0
2018-04-22,10.6,140,27,0.63,0
2018-04-23,9.3,118,23,0.5,0
2018-04-24,17.1,135,32,0.49,0
2018-04-25,11.8,122,23,0.31,0
2018-04-26,7.1,138,23,0.19,0
2018-04-27,7.0,112,29,0.49,0
2018-04-28,14.0,147,23,0.44,0
2018-04-29,8.1,116,30,0.39,0
2018-04-30,10.8,120,22,0.46,0
2018-05-01,10.5,104,32,0.43,0
2018-05-02,15.0,106,31,0.54,0
2018-05-03,11.7,126,24,0.44,0
2018-05-04,14.6,114,26,0.35,0
2018-05-05,18.5,142,17,0.52,0
2018-05-06,14.4,101,32,0.39,0
2018-05-07,12.7,118,23,0.46,0
2018-05-08,5.7,116,27,0.36,0
2018-05-09,11.4,100,29,0.33,0
2018-05-10,13.6,105,22,0.4,0
2018-05-11,11.7,119,21,0.39,0
2018-05-12,17.5,123,27,0.43,0
2018-05-13,14.4,118,23,0.35,0
2018-05-14,14.1,124,22,0.19,0
2018-05-15,16.0,127,20,0.32,0
2018-05-16,10.8,98,26,0.44,0
2018-05-17,4.4,119,34,0.32,0
2018-05-18,12.8,143,15,0.32,0
2018-05-19,15.7,121,33,0.44,0
2018-05-20,10.5,129,22,0.26,0
2018-05-21,10.4,111,24,0.17,0
2018-05-22,10.1,132,25,0.3,0
2018-05-23,18.6,132,23,0.27,0
2018-05-24,16.9,119,25,0.21,0
2018-05-25,11.4,141,22,0.28,0
2018-05-26,10.4,100,30,0.34,0
2018-05-27,7.5,95,29,0.29,0
2018-05-28,14.7,129,28,0.31,0
2018-05-29,14.6,131,16,0.45,0
2018-05-30,12.2,98,25,0.23,0
2018-05-31,11.5,105,25,0.29,0
2018-06-01,18.1,93,26,0.2,0
2018-06-02,7.4,105,29,0.16,0
2018-06-03,7.6,127,27,0.18,0
2018-06-04,10.2,114,17,0.18,0
2018-06-05,5.9,106,26,0.26,0
2018-06-06,6.2,107,26,0.45,0
2018-06-07,6.0,90,30,0.13,0
2018-06-08,7.5,103,22,0.16,0
2018-06-09,8.9,118,24,0.18,0
2018-06-10,14.8,132,19,0.22,0
2018-06-11,11.1,126,23,0.2,0
2018-06-12,8.4,89,23,0.29,0
2018-06-13,15.4,127,22,-0.09,0
2018-06-14,9.8,121,22,-0.09,0
2018-06-15,11.3,121,24,0.09,0
2018-06-16,11.7,106,30,0.24,0
2018-06-17,4.5,103,29,-0.03,0
2018-06-18,2.6,98,34,-0.19,0
2018-06-19,9.8,88,30,0.16,0
2018-06-20,10.9,94,34,0.12,0
2018-06-21,15.7,95,36,-0.02,0
2018-06-22,10.9,104,30,-0.02,0
2018-06-23,14.0,115,26,-0.02,0
2018-06-24,9.7,103,31,0.08,0
2018-06-25,9.4,85,34,-0.01,0
2018-06-26,17.2,122,30,0.1,1
2018-06-27,5.6,120,29,-0.25,0
2018-06-28,12.5,113,31,-0.06,0
2018-06-29,18.5,121,26,-0.09,0
2018-06-30,11.1,103,31,-0.01,0
2018-07-01,16.9,119,27,-0.05,0
2018-07-02,6.4,83,27,0.08,0
2018-07-03,9.3,94,36,-0.2,0
2018-07-04,8.9,88,24,-0.02,0
2018-07-05,1.9,86,36,0.03,0
2018-07-06,4.9,84,34,0.15,0
2018-07-07,6.9,102,28,-0.1,0
2018-07-08,13.3,108,30,-0.02,0
2018-07-09,12.5,99,32,-0.24,0
2018-07-10,9.2,82,27,-0.31,0
2018-07-11,13.2,107,35,0.0,0
2018-07-12,9.5,100,30,-0.09,0
2018-07-13,12.6,90,43,0.02,0
2018-07-14,10.0,100,33,-0.24,0
2018-07-15,8.6,84,33,-0.06,0
2018-07-16,7.9,87,29,0.06,0
2018-07-17,12.8,107,28,-0.09,0
2018-07-18,7.1,84,33,-0.11,1
2018-07-19,11.9,90,39,-0.15,0
2018-07-20,7.1,105,35,-0.31,1
2018-07-21,6.5,98,32,-0.03,0
2018-07-22,9.5,74,44,-0.23,0
2018-07-23,7.4,77,24,-0.13,0
2018-07-24,5.7,71,38,-0.35,0
2018-07-25,12.0,93,37,-0.31,0
2018-07-26,6.8,86,35,-0.06,0
2018-07-27,6.8,74,28,-0.25,0
2018-07-28,14.5,103,36,-0.07,0
2018-07-29,13.3,87,36,-0.24,0
2018-07-30,12.4,77,36,-0.42,0
2018-07-31,7.7,85,33,-0.15,0
2018-08-01,12.8,91,41,-0.31,0
2018-08-02,4.2,70,38,-0.19,0
2018-08-03,5.0,77,33,-0.26,0
2018-08-04,2.3,94,27,-0.43,0
2018-08-05,13.2,82,37,-0.26,0
2018-08-06,5.8,84,38,-0.07,0
2018-08-07,7.6,80,34,-0.24,0
2018-08-08,4.0,67,33,-0.31,0
2018-08-09,9.2,71,42,-0.2,0
2018-08-10,6.8,79,29,-0.29,1
2018-08-11,3.2,71,45,-0.3,0
2018-08-12,7.9,66,33,-0.44,0
2018-08-13,4.8,91,25,-0.31,0
2018-08-14,7.0,95,25,-0.24,0
2018-08-15,2.5,88,26,-0.43,0
2018-08-16,4.7,90,30,-0.21,0
2018-08-17,7.5,70,33,-0.37,0
2018-08-18,3.4,93,36,-0.45,0
2018-08-19,2.4,68,40,-0.27,0
2018-08-20,9.1,91,30,-0.41,0
2018-08-21,7.6,92,47,-0.31,0
2018-08-22,14.3,83,32,-0.42,0
2018-08-23,14.6,91,31,-0.4,0
2018-08-24,5.2,78,28,-0.35,0
2018-08-25,8.6,69,35,-0.37,0
2018-08-26,9.6,74,36,-0.61,0
2018-08-27,6.0,78,28,-0.53,0
2018-08-28,1.7,62,35,-0.33,0
2018-08-29,7.8,78,36,-0.44,0
2018-08-30,8.4,89,29,-0.48,0
2018-08-31,5.2,65,33,-0.57,0
2018-09-01,9.5,82,37,-0.54,0
2018-09-02,6.3,86,26,-0.64,0
2018-09-03,5.1,86,27,-0.45,0
2018-09-04,9.0,87,33,-0.51,0
2018-09-05,8.6,74,39,-0.55,0
2018-09-06,5.2,87,34,-0.46,0
2018-09-07,10.8,80,32,-0.42,0
2018-09-08,0.9,62,36,-0.25,0
2018-09-09,5.4,71,40,-0.62,0
2018-09-10,7.0,78,38,-0.35,0
2018-09-11,4.5,64,37,-0.37,0
2018-09-12,5.9,76,33,-0.55,0
2018-09-13,13.2,76,34,-0.46,0
2018-09-14,3.6,62,33,-0.53,0
2018-09-15,14.6,73,34,-0.46,0
2018-09-16,9.2,79,31,-0.33,0
2018-09-17,7.4,71,35,-0.43,0
2018-09-18,7.1,57,36,-0.44,0
2018-09-19,13.3,57,41,-0.53,0
2018-09-20,3.6,66,40,-0.64,0
2018-09-21,4.8,82,31,-0.51,0
2018-09-22,4.0,63,33,-0.37,0
2018-09-23,7.5,74,38,-0.65,0
2018-09-24,1.0,62,38,-0.6,0
2018-09-25,6.6,65,35,-0.48,0
2018-09-26,13.1,80,40,-0.6,0
2018-09-27,8.1,76,31,-0.58,0
2018-09-28,5.0,59,28,-0.54,1
2018-09-29,4.9,68,32,-0.64,0
2018-09-30,8.4,57,46,-0.6,0
2018-10-01,4.4,69,34,-0.43,0
2018-10-02,13.0,75,32,-0.63,0
2018-10-03,11.7,59,38,-0.66,0
2018-10-04,7.2,64,42,-0.56,0
2018-10-05,6.7,67,36,-0.43,0
2018-10-06,11.3,82,36,-0.52,0
2018-10-07,11.7,84,32,-0.54,0
2018-10-08,3.3,57,41,-0.49,0
2018-10-09,6.2,78,35,-0.67,0
2018-10-10,2.7,67,34,-0.44,0
2018-10-11,7.9,67,37,-0.45,0
2018-10-12,9.8,78,31,-0.53,0
2018-10-13,4.2,82,26,-0.39,0
2018-10-14,7.0,84,33,-0.6,0
2018-10-15,3.3,73,28,-0.37,0
2018-10-16,4.0,67,39,-0.47,0
2018-10-17,9.6,79,34,-0.51,0
2018-10-18,4.2,64,44,-0.48,0
2018-10-19,6.4,73,33,-0.49,1
2018-10-20,1.9,68,36,-0.35,0
2018-10-21,8.2,76,27,-0.58,0
2018-10-22,6.4,65,31,-0.54,0
2018-10-23,4.1,63,29,-0.36,0
2018-10-24,7.8,84,38,-0.52,0
2018-10-25,6.6,61,35,-0.37,0
2018-10-26,4.9,73,42,-0.28,0
2018-10-27,2.1,65,23,-0.49,0
2018-10-28,11.4,60,45,-0.38,0
2018-10-29,4.1,60,37,-0.56,0
2018-10-30,6.1,64,38,-0.36,0
2018-10-31,11.5,85,27,-0.41,0
2018-11-01,17.4,68,39,-0.38,0
2018-11-02,5.1,88,30,-0.49,0
2018-11-03,9.0,77,28,-0.59,0
2018-11-04,5.2,73,29,-0.37,0
2018-11-05,6.2,78,28,-0.62,0
2018-11-06,5.4,76,36,-0.44,0
2018-11-07,5.0,84,30,-0.31,0
2018-11-08,6.9,70,27,-0.38,0
2018-11-09,2.8,72,37,-0.2,0
2018-11-10,11.7,89,21,-0.28,1
2018-11-11,9.3,91,38,-0.44,0
2018-11-12,10.3,90,41,-0.37,0
2018-11-13,6.1,75,28,-0.37,0
2018-11-14,7.6,87,37,-0.52,0
2018-11-15,8.7,78,36,-0.45,0
2018-11-16,4.4,79,31,-0.41,0
2018-11-17,5.9,70,33,-0.55,0
2018-11-18,5.7,83,36,-0.33,0
2018-11-19,4.3,70,35,-0.36,0
2018-11-20,1.2,75,22,-0.49,0
2018-11-21,13.2,92,41,-0.28,0
2018-11-22,5.1,72,37,-0.24,0
2018-11-23,10.3,68,36,-0.28,0
2018-11-24,10.0,68,32,-0.33,0
2018-11-25,5.8,97,29,-0.23,0
2018-11-26,5.0,83,39,-0.22,0
2018-11-27,15.7,80,35,-0.25,0
2018-11-28,14.7,94,33,-0.35,0
2018-11-29,9.5,96,24,-0.23,0
2018-11-30,8.7,79,32,-0.13,0
2018-12-01,7.3,92,31,-0.31,0
2018-12-02,10.8,95,34,-0.03,0
2018-12-03,6.9,91,29,-0.28,0
2018-12-04,1.3,74,39,-0.22,0
2018-12-05,6.0,100,24,-0.28,0
2018-12-06,9.0,89,32,-0.19,1
2018-12-07,4.6,80,33,-0.37,0
2018-12-08,8.4,86,25,-0.25,0
2018-12-09,4.0,72,35,-0.29,0
2018-12-10,5.3,76,31,-0.16,0
2018-12-11,12.5,99,37,-0.07,0
2018-12-12,7.9,72,33,-0.1,0
2018-12-13,8.8,88,34,-0.39,0
2018-12-14,11.8,92,25,0.06,0
2018-12-15,8.9,75,36,-0.11,0
2018-12-16,15.3,110,25,-0.21,0
2018-12-17,6.9,83,29,-0.1,0
2018-12-18,7.3,86,46,-0.09,0
2018-12-19,4.7,86,31,-0.17,0
2018-12-20,7.1,84,32,-0.07,0
2018-12-21,10.5,76,39,-0.15,0
2018-12-22,14.3,104,25,-0.12,0
2018-12-23,14.3,114,29,-0.14,1
2018-12-24,3.2,86,35,-0.2,0
2018-12-25,13.5,103,30,-0.04,0
2018-12-26,5.2,107,40,0.02,0
2018-12-27,13.9,112,23,0.02,0
2018-12-28,8.4,95,38,0.06,0
2018-12-29,11.2,91,34,0.02,0
2018-12-30,5.3,93,35,-0.06,0
2018-12-31,14.4,109,29,0.08,0
2019-01-01,6.9,113,36,-0.13,0
2019-01-02,6.8,88,30,-0.07,0
2019-01-03,6.6,96,33,-0.07,0
2019-01-04,6.5,118,32,0.14,0
2019-01-05,11.8,115,24,0.14,0
2019-01-06,17.7,123,30,0.1,0
2019-01-07,19.4,114,27,0.17,0
2019-01-08,10.3,100,23,-0.02,0
2019-01-09,14.2,108,21,0.11,0
2019-01-10,11.9,112,27,0.07,0
2019-01-11,10.3,88,37,0.18,0
2019-01-12,9.8,108,18,0.09,0
2019-01-13,12.2,116,27,0.07,0
2019-01-14,10.9,93,35,0.17,0
2019-01-15,10.3,120,19,0.22,0
2019-01-16,11.0,112,24,0.07,0
2019-01-17,12.6,128,27,0.14,0
2019-01-18,11.4,89,36,0.05,0
2019-01-19,6.7,99,38,-0.09,0
2019-01-20,11.3,115,24,0.19,0
2019-01-21,15.9,102,25,0.24,0
2019-01-22,15.6,121,34,0.21,0
2019-01-23,16.3,123,21,-0.0,0
2019-01-24,9.5,94,33,0.17,0
2019-01-25,12.3,113,38,-0.01,0
2019-01-26,14.3,113,31,0.35,0
2019-01-27,15.5,108,32,0.12,0
2019-01-28,7.5,134,29,0.36,0
2019-01-29,9.0,129,26,0.33,0
2019-01-30,16.3,124,29,0.16,0
2019-01-31,11.7,125,23,0.14,0
2019-02-01,9.4,114,32,0.3,0
2019-02-02,9.8,136,24,0.18,0
2019-02-03,10.9,126,17,0.29,0
2019-02-04,8.6,128,25,0.24,0
2019-02-05,19.7,134,12,0.11,0
2019-02-06,10.6,107,32,0.07,0
2019-02-07,13.1,133,22,0.33,0
2019-02-08,12.2,104,38,0.25,0
2019-02-09,14.1,112,30,0.26,0
2019-02-10,14.0,112,32,0.39,0
2019-02-11,17.5,143,16,0.45,0
2019-02-12,11.8,137,26,0.31,0
2019-02-13,12.1,130,20,0.31,0
2019-02-14,15.5,132,29,0.4,0
2019-02-15,10.8,124,19,0.22,0
2019-02-16,14.3,143,21,0.38,1
2019-02-17,13.4,122,19,0.42,0
2019-02-18,14.1,117,27,0.44,0
2019-02-19,5.3,106,38,0.19,0
2019-02-20,15.8,137,26,0.31,0
2019-02-21,12.8,135,22,0.3,0
2019-02-22,13.9,118,14,0.41,0
2019-02-23,12.3,100,27,0.45,0
2019-02-24,18.9,141,24,0.56,0
2019-02-25,14.1,100,27,0.36,0
2019-02-26,17.5,135,30,0.37,0
2019-02-27,19.2,149,20,0.54,0
2019-02-28,13.1,122,30,0.45,0
2019-03-01,11.3,112,28,0.56,0
2019-03-02,16.2,136,21,0.46,1
2019-03-03,16.4,142,19,0.32,0
2019-03-04,12.0,129,19,0.31,0
2019-03-05,16.2,150,25,0.29,0
2019-03-06,10.3,104,27,0.52,0
2019-03-07,10.1,127,27,0.57,0
2019-03-08,17.8,139,19,0.64,0
2019-03-09,14.8,146,15,0.54,0
2019-03-10,17.2,111,30,0.58,0
2019-03-11,9.4,143,17,0.41,0
2019-03-12,11.4,131,21,0.35,0
2019-03-13,12.4,123,19,0.56,0
2019-03-14,14.4,110,25,0.52,0
2019-03-15,15.9,147,20,0.49,0
2019-03-16,12.0,111,26,0.52,0
2019-03-17,8.5,119,30,0.52,0
2019-03-18,8.3,118,27,0.61,0
2019-03-19,15.8,148,35,0.62,0
2019-03-20,9.7,138,24,0.54,0
2019-03-21,12.9,145,12,0.58,0
2019-03-22,13.2,117,25,0.54,0
2019-03-23,10.7,136,22,0.45,0
2019-03-24,18.1,133,20,0.57,0
2019-03-25,18.4,147,20,0.36,0
2019-03-26,10.4,151,16,0.6,0
2019-03-27,7.7,105,30,0.38,0
2019-03-28,7.0,139,12,0.53,0
2019-03-29,8.4,107,34,0.41,0
2019-03-30,15.6,133,15,0.55,0
2019-03-31,10.7,119,24,0.5,0
2019-04-01,13.4,120,22,0.34,0
2019-04-02,7.6,122,27,0.54,0
2019-04-03,16.0,136,21,0.44,0
2019-04-04,10.4,121,27,0.59,0
2019-04-05,14.2,142,27,0.5,0
2019-04-06,12.2,125,28,0.54,0
2019-04-07,6.9,107,28,0.4,0
2019-04-08,11.0,145,23,0.44,0
2019-04-09,14.8,119,36,0.45,0
2019-04-10,13.8,126,28,0.58,0
2019-04-11,17.1,139,20,0.66,0
2019-04-12,13.1,121,32,0.41,0
2019-04-13,11.0,106,30,0.6,0
2019-04-14,7.1,123,20,0.27,0
2019-04-15,14.4,152,18,0.37,0
2019-04-16,13.5,136,15,0.39,0
2019-04-17,19.7,138,10,0.35,0
2019-04-18,15.7,136,18,0.32,0
2019-04-19,15.9,113,28,0.52,0
2019-04-20,14.2,124,25,0.45,0
2019-04-21,12.0,141,14,0.51,0
2019-04-22,11.2,108,16,0.54,0
2019-04-23,12.4,117,33,0.49,0
2019-04-24,8.8,116,27,0.53,0
2019-04-25,11.2,124,32,0.45,0
2019-04-26,14.6,152,27,0.34,0
2019-04-27,15.3,105,32,0.56,0
2019-04-28,6.6,128,24,0.39,0
2019-04-29,14.6,110,26,0.35,0
2019-04-30,12.2,150,23,0.42,0
2019-05-01,6.6,107,27,0.34,0
2019-05-02,15.6,121,22,0.39,0
2019-05-03,16.0,138,11,0.46,0
2019-05-04,17.4,136,22,0.46,0
2019-05-05,14.5,121,31,0.33,0
2019-05-06,17.9,117,32,0.36,0
2019-05-07,13.6,119,26,0.52,0
2019-05-08,10.7,112,23,0.45,0
2019-05-09,11.9,109,32,0.61,0
2019-05-10,16.0,123,25,0.51,0
2019-05-11,8.9,112,25,0.5,0
2019-05-12,9.2,112,20,0.24,0
2019-05-13,12.1,130,34,0.45,0
2019-05-14,8.2,145,24,0.37,0
2019-05-15,13.1,127,28,0.31,0
2019-05-16,4.4,101,25,0.38,0
2019-05-17,10.3,101,30,0.45,0
2019-05-18,16.9,143,20,0.4,0
2019-05-19,9.7,111,31,0.25,0
2019-05-20,15.0,100,36,0.41,0
2019-05-21,8.0,124,18,0.26,0
2019-05-22,16.1,125,19,0.34,0
2019-05-23,14.6,126,28,0.28,0
2019-05-24,5.6,107,26,0.29,0
2019-05-25,17.6,95,35,0.38,0
2019-05-26,13.8,140,20,0.19,0
2019-05-27,8.0,106,22,0.48,0
2019-05-28,8.3,125,16,0.1,0
2019-05-29,11.9,126,27,0.21,0
2019-05-30,11.7,121,28,0.3,0
2019-05-31,11.0,107,33,0.32,0
2019-06-01,9.6,105,30,0.24,0
2019-06-02,13.8,119,7,0.24,0
2019-06-03,11.9,131,26,0.28,0
2019-06-04,7.6,134,15,0.2,0
2019-06-05,9.1,95,21,0.36,0
2019-06-06,2.6,97,20,0.3,0
2019-06-07,14.3,132,13,0.29,0
2019-06-08,9.3,122,26,0.1,0
2019-06-09,13.3,128,20,0.18,0
2019-06-10,13.7,98,22,0.15,0
2019-06-11,8.6,114,27,0.07,0
2019-06-12,15.1,119,20,0.2,0
2019-06-13,10.4,117,31,0.1,0
2019-06-14,15.8,105,36,0.21,0
2019-06-15,7.6,87,31,0.03,0
2019-06-16,8.6,111,34,0.3,0
2019-06-17,11.8,97,37,0.03,0
2019-06-18,9.2,105,29,0.14,0
2019-06-19,10.1,126,33,0.19,0
2019-06-20,8.8,102,26,0.04,0
2019-06-21,11.9,120,16,0.18,0
2019-06-22,13.2,92,23,-0.04,0
2019-06-23,5.4,112,24,0.22,0
2019-06-24,12.5,124,27,0.07,0
2019-06-25,10.6,87,26,-0.0,0
2019-06-26,8.9,83,30,0.02,0
2019-06-27,13.9,100,23,0.12,0
2019-06-28,8.3,85,29,-0.03,0
2019-06-29,10.5,111,34,-0.05,0
2019-06-30,13.5,117,28,-0.01,0
2019-07-01,10.1,98,27,-0.11,0
2019-07-02,7.8,90,38,0.18,0
2019-07-03,11.2,97,30,-0.07,0
2019-07-04,8.8,108,29,0.06,0
2019-07-05,6.1,79,39,-0.01,0
2019-07-06,8.5,101,28,-0.14,0
2019-07-07,14.3,102,34,-0.05,0
2019-07-08,0.5,102,33,0.02,0
2019-07-09,9.8,86,32,-0.08,0
2019-07-10,10.5,104,22,0.05,0
2019-07-11,3.0,80,34,0.02,0
2019-07-12,9.2,83,39,0.0,0
2019-07-13,12.2,108,32,-0.14,0
2019-07-14,12.1,103,37,-0.21,0
2019-07-15,0.0,75,32,-0.18,0
2019-07-16,12.4,83,37,-0.1,0
2019-07-17,6.0,82,28,-0.08,0
2019-07-18,10.4,83,34,-0.36,0
2019-07-19,10.4,82,39,-0.15,0
2019-07-20,4.9,75,39,-0.14,0
2019-07-21,10.9,89,32,-0.19,0
2019-07-22,8.6,98,29,-0.04,0
2019-07-23,3.1,93,26,-0.14,0
2019-07-24,13.0,95,29,-0.06,0
2019-07-25,5.0,73,28,-0.22,0
2019-07-26,7.8,104,27,-0.11,0
2019-07-27,8.7,99,21,-0.05,0
2019-07-28,10.5,97,24,-0.09,0
2019-07-29,9.5,97,34,-0.34,0
2019-07-30,11.7,101,33,-0.26,0
2019-07-31,4.7,87,31,-0.28,0
2019-08-01,5.3,75,35,-0.2,1
2019-08-02,8.5,88,33,-0.19,0
2019-08-03,14.9,92,33,-0.35,0
2019-08-04,8.9,92,33,-0.27,0
2019-08-05,11.7,84,26,-0.48,0
2019-08-06,6.9,68,24,-0.14,0
2019-08-07,6.3,78,29,-0.35,0
2019-08-08,8.9,96,30,-0.3,0
2019-08-09,7.9,84,38,-0.34,0
2019-08-10,10.0,82,34,-0.2,1
2019-08-11,11.4,73,38,-0.6,0
2019-08-12,8.7,76,30,-0.33,0
2019-08-13,12.9,93,31,-0.34,0
2019-08-14,5.6,85,33,-0.39,0
2019-08-15,7.6,88,28,-0.17,0
2019-08-16,5.5,77,29,-0.44,0
2019-08-17,9.2,83,32,-0.28,0
2019-08-18,5.9,70,39,-0.33,0
2019-08-19,10.6,84,28,-0.24,0
2019-08-20,4.7,75,33,-0.44,0
2019-08-21,7.6,75,41,-0.46,0
2019-08-22,10.2,81,31,-0.28,0
2019-08-23,2.8,90,32,-0.35,0
2019-08-24,12.7,63,36,-0.55,0
2019-08-25,7.8,86,31,-0.46,0
2019-08-26,0.8,69,44,-0.37,0
2019-08-27,7.9,74,36,-0.33,0
2019-08-28,6.2,61,29,-0.49,0
2019-08-29,6.7,69,43,-0.71,0
2019-08-30,10.4,74,36,-0.37,0
2019-08-31,8.3,61,35,-0.55,0
2019-09-01,8.3,74,41,-0.64,0
2019-09-02,10.0,86,28,-0.72,0
2019-09-03,5.9,62,46,-0.36,0
2019-09-04,13.4,81,34,-0.44,0
2019-09-05,2.6,70,41,-0.47,0
2019-09-06,8.1,77,49,-0.32,0
2019-09-07,6.8,66,37,-0.4,0
2019-09-08,8.6,62,37,-0.3,0
2019-09-09,3.7,62,32,-0.6,0
2019-09-10,0.8,60,37,-0.47,0
2019-09-11,6.8,63,32,-0.63,0
2019-09-12,8.4,76,33,-0.5,0
2019-09-13,12.7,82,48,-0.5,0
2019-09-14,4.2,80,34,-0.42,0
2019-09-15,11.1,76,32,-0.48,0
2019-09-16,13.1,60,36,-0.42,0
2019-09-17,5.4,65,34,-0.42,0
2019-09-18,2.6,65,42,-0.27,0
2019-09-19,5.2,64,36,-0.52,0
2019-09-20,7.1,71,43,-0.59,0
2019-09-21,8.8,71,34,-0.47,0
2019-09-22,4.8,66,35,-0.57,0
2019-09-23,11.3,66,32,-0.35,0
2019-09-24,4.6,79,32,-0.52,0
2019-09-25,2.6,78,25,-0.55,0
2019-09-26,9.8,65,26,-0.55,0
2019-09-27,1.4,82,36,-0.43,0
2019-09-28,7.7,83,24,-0.52,1
2019-09-29,15.9,65,39,-0.56,0
2019-09-30,6.6,66,34,-0.33,0
2019-10-01,3.6,70,40,-0.59,0
2019-10-02,8.0,82,24,-0.5,0
2019-10-03,7.9,81,36,-0.43,0
2019-10-04,6.4,59,39,-0.66,0
2019-10-05,8.7,67,38,-0.45,0
2019-10-06,4.1,72,41,-0.6,0
2019-10-07,12.1,70,36,-0.41,0
2019-10-08,6.9,62,25,-0.59,0
2019-10-09,10.2,80,36,-0.43,0
2019-10-10,5.6,75,36,-0.38,0
2019-10-11,11.9,80,32,-0.41,0
2019-10-12,7.3,81,29,-0.47,0
2019-10-13,8.6,78,32,-0.51,0
2019-10-14,4.1,69,43,-0.54,0
2019-10-15,4.4,74,30,-0.34,0
2019-10-16,8.2,61,29,-0.55,0
2019-10-17,6.3,76,27,-0.58,0
2019-10-18,3.6,62,37,-0.41,0
2019-10-19,5.8,77,42,-0.56,0
2019-10-20,8.5,64,48,-0.57,0
2019-10-21,4.2,61,41,-0.61,0
2019-10-22,5.8,62,32,-0.52,0
2019-10-23,5.8,58,34,-0.47,0
2019-10-24,2.1,79,38,-0.44,0
2019-10-25,3.5,79,40,-0.36,0
2019-10-26,8.3,73,32,-0.4,0
2019-10-27,4.1,63,44,-0.47,0
2019-10-28,9.3,61,36,-0.47,0
2019-10-29,8.8,59,41,-0.39,0
2019-10-30,8.6,64,42,-0.31,0
2019-10-31,14.1,86,25,-0.42,0
2019-11-01,6.5,67,38,-0.48,0
2019-11-02,8.9,70,43,-0.52,0
2019-11-03,4.5,63,34,-0.56,0
2019-11-04,14.1,67,31,-0.35,0
2019-11-05,13.6,76,37,-0.35,0
2019-11-06,7.9,79,34,-0.35,0
2019-11-07,8.0,68,34,-0.41,0
2019-11-08,10.4,63,37,-0.25,0
2019-11-09,6.9,73,27,-0.44,0
2019-11-10,4.9,69,38,-0.29,0
2019-11-11,9.5,69,44,-0.38,0
2019-11-12,9.4,92,28,-0.43,0
2019-11-13,8.7,82,29,-0.31,0
2019-11-14,5.5,80,34,-0.32,0
2019-11-15,2.4,76,49,-0.32,0
2019-11-16,8.4,77,40,-0.34,0
2019-11-17,10.8,81,33,-0.35,0
2019-11-18,7.9,86,32,-0.1,0
2019-11-19,13.0,87,38,-0.21,0
2019-11-20,4.9,70,31,-0.25,0
2019-11-21,4.9,81,36,-0.31,0
2019-11-22,7.6,78,28,-0.21,0
2019-11-23,9.2,94,35,-0.25,0
2019-11-24,10.9,86,31,-0.29,0
2019-11-25,6.1,84,34,-0.32,0
2019-11-26,11.1,70,34,-0.29,0
2019-11-27,14.6,87,36,-0.59,0
2019-11-28,7.0,71,34,-0.25,0
2019-11-29,11.6,79,44,-0.31,0
2019-11-30,4.1,73,42,-0.1,0
2019-12-01,12.4,92,25,-0.24,0
2019-12-02,10.7,76,35,-0.36,0
2019-12-03,10.8,82,37,-0.24,0
2019-12-04,10.0,100,27,-0.33,0
2019-12-05,0.0,77,40,-0.17,0
2019-12-06,6.9,88,37,-0.18,0
2019-12-07,6.6,85,32,-0.1,0
2019-12-08,4.2,71,40,-0.27,0
2019-12-09,10.3,99,18,-0.18,0
2019-12-10,6.1,74,41,-0.31,0
2019-12-11,6.4,89,36,-0.1,0
2019-12-12,6.1,93,25,-0.11,0
2019-12-13,7.5,96,32,-0.1,0
2019-12-14,13.2,98,20,-0.14,0
2019-12-15,6.3,83,29,-0.09,0
2019-12-16,5.9,74,40,0.03,0
2019-12-17,8.7,101,29,-0.15,0
2019-12-18,10.5,95,30,-0.1,0
2019-12-19,12.0,106,29,-0.21,0
2019-12-20,1.5,106,28,-0.18,0
2019-12-21,13.9,108,33,-0.08,1
2019-12-22,13.8,95,27,0.03,0
2019-12-23,5.8,90,34,-0.09,0
2019-12-24,7.9,108,22,-0.08,0
2019-12-25,8.1,95,34,-0.09,0
2019-12-26,6.2,85,31,-0.1,0
2019-12-27,11.9,112,27,-0.0,0
2019-12-28,5.6,114,25,-0.18,0
2019-12-29,6.4,98,29,0.11,0
2019-12-30,12.9,83,28,-0.08,0
2019-12-31,6.8,96,32,0.07,0
2020-01-01,15.0,113,30,-0.12,0
2020-01-02,12.8,117,19,0.08,0
2020-01-03,3.6,90,29,0.09,0
2020-01-04,10.3,84,33,0.07,0
2020-01-05,11.4,118,23,-0.06,0
2020-01-06,8.5,99,29,0.08,0
2020-01-07,11.2,105,37,-0.06,0
2020-01-08,13.8,124,20,0.04,0
2020-01-09,10.7,86,21,0.18,0
2020-01-10,14.6,111,24,0.17,0
2020-01-11,10.0,88,30,0.1,0
2020-01-12,6.0,101,27,0.01,0
2020-01-13,10.6,120,27,0.18,0
2020-01-14,19.2,104,24,0.12,0
2020-01-15,15.1,129,18,-0.1,0
2020-01-16,18.2,111,24,0.21,0
2020-01-17,14.3,101,26,0.14,0
2020-01-18,10.4,97,41,0.27,0
2020-01-19,11.2,103,37,0.05,1
2020-01-20,10.4,105,20,-0.15,0
2020-01-21,4.0,92,21,0.2,0
2020-01-22,10.6,105,28,0.21,0
2020-01-23,14.6,110,37,0.02,0
2020-01-24,10.4,122,28,0.1,0
2020-01-25,13.2,120,25,0.48,0
2020-01-26,14.8,122,23,0.19,0
2020-01-27,6.4,91,37,0.3,0
2020-01-28,8.7,101,30,0.17,0
2020-01-29,9.1,122,34,0.03,0
2020-01-30,8.9,114,18,0.23,0
2020-01-31,5.3,92,33,0.23,0
2020-02-01,10.3,130,21,0.22,0
2020-02-02,17.2,129,26,0.26,0
2020-02-03,9.2,119,27,0.3,0
2020-02-04,10.1,97,33,0.27,0
2020-02-05,11.5,130,28,0.16,0
2020-02-06,15.7,122,32,0.35,0
2020-02-07,17.1,132,33,0.11,0
2020-02-08,15.7,131,23,0.11,0
2020-02-09,14.2,133,20,0.39,0
2020-02-10,11.3,120,19,0.38,0
2020-02-11,6.7,103,31,0.33,0
2020-02-12,18.6,128,28,0.2,0
2020-02-13,10.3,126,18,0.27,0
2020-02-14,15.3,133,29,0.32,0
2020-02-15,13.7,105,28,0.2,0
2020-02-16,9.0,107,22,0.29,0
2020-02-17,17.2,141,17,0.43,0
2020-02-18,15.8,135,18,0.52,0
2020-02-19,19.5,143,16,0.34,0
2020-02-20,12.2,136,25,0.46,0
2020-02-21,8.9,128,28,0.2,0
2020-02-22,11.6,131,32,0.46,0
2020-02-23,14.9,143,17,0.32,0
2020-02-24,13.0,128,26,0.44,0
2020-02-25,11.9,131,20,0.39,0
2020-02-26,5.1,108,28,0.55,0
2020-02-27,13.8,124,17,0.33,0
2020-02-28,19.5,136,17,0.49,0
2020-02-29,12.8,114,31,0.4,0
2020-03-01,12.9,111,20,0.42,0
2020-03-02,13.4,117,29,0.42,0
2020-03-03,12.5,113,24,0.36,0
2020-03-04,14.0,112,17,0.44,0
2020-03-05,13.5,123,12,0.44,0
2020-03-06,13.9,148,27,0.48,0
2020-03-07,10.4,128,14,0.47,0
2020-03-08,10.5,112,27,0.54,0
2020-03-09,11.5,106,30,0.56,0
2020-03-10,12.9,138,15,0.36,0
2020-03-11,13.1,122,22,0.56,0
2020-03-12,15.8,145,23,0.35,0
2020-03-13,16.2,137,24,0.53,0
2020-03-14,18.2,144,18,0.54,0
2020-03-15,2.4,22,46,0.29,0
2020-03-16,0.0,34,42,0.49,0
2020-03-17,2.4,34,38,0.44,0
2020-03-18,4.4,43,47,0.41,0
2020-03-19,0.0,26,45,0.62,0
2020-03-20,5.7,15,37,0.43,0
2020-03-21,3.9,35,45,0.41,0
2020-03-22,4.1,30,40,0.5,0
2020-03-23,5.8,17,45,0.56,0
2020-03-24,1.4,33,43,0.48,0
2020-03-25,5.4,37,38,0.61,0
2020-03-26,2.1,24,54,0.55,0
2020-03-27,2.4,30,36,0.28,0
2020-03-28,0.3,26,45,0.45,0
2020-03-29,6.6,16,48,0.44,0
2020-03-30,1.3,24,45,0.55,0
2020-03-31,5.1,30,43,0.24,0
2020-04-01,0.0,11,45,0.75,0
2020-04-02,5.8,23,41,0.55,0
2020-04-03,5.4,22,41,0.51,0
2020-04-04,2.9,26,50,0.62,0
2020-04-05,2.3,30,41,0.73,0
2020-04-06,3.2,20,56,0.58,0
2020-04-07,8.7,18,49,0.59,0
2020-04-08,0.0,37,29,0.51,0
2020-04-09,4.5,22,50,0.48,0
2020-04-10,0.0,19,45,0.45,0
2020-04-11,1.9,20,39,0.41,0
2020-04-12,1.1,18,52,0.42,0
2020-04-13,0.3,16,44,0.35,0
2020-04-14,3.0,30,41,0.48,0
2020-04-15,0.0,27,46,0.32,0
2020-04-16,6.5,34,48,0.5,0
2020-04-17,0.0,26,45,0.48,0
2020-04-18,4.9,33,43,0.49,0
2020-04-19,2.3,33,39,0.42,0
2020-04-20,0.0,15,52,0.78,0
2020-04-21,3.3,27,45,0.6,0
2020-04-22,0.0,18,45,0.34,0
2020-04-23,3.2,31,42,0.49,0
2020-04-24,0.0,14,52,0.4,0
2020-04-25,4.2,28,43,0.35,0
2020-04-26,0.0,14,52,0.32,0
2020-04-27,2.8,42,39,0.49,0
2020-04-28,3.7,28,48,0.38,0
2020-04-29,0.9,32,44,0.54,0
2020-04-30,1.5,17,41,0.54,0
2020-05-01,0.0,28,43,0.57,0
2020-05-02,3.4,15,36,0.34,0
2020-05-03,8.7,34,39,0.47,0
2020-05-04,9.9,15,39,0.48,0
2020-05-05,1.7,14,57,0.37,0
2020-05-06,3.7,13,39,0.33,0
2020-05-07,0.0,27,57,0.56,0
2020-05-08,7.2,27,47,0.42,0
2020-05-09,3.6,13,44,0.46,0
2020-05-10,1.8,33,47,0.31,0
2020-05-11,5.8,21,42,0.26,0
2020-05-12,1.2,20,38,0.32,0
2020-05-13,1.1,25,45,0.36,0
2020-05-14,3.7,23,48,0.26,0
2020-05-15,0.0,28,50,0.36,0
2020-05-16,4.4,13,49,0.18,0
2020-05-17,0.0,19,43,0.23,0
2020-05-18,0.2,34,50,0.41,0
2020-05-19,0.9,36,48,0.39,0
2020-05-20,4.5,22,46,0.29,0
2020-05-21,0.2,21,51,0.22,0
2020-05-22,0.0,28,55,0.21,0
2020-05-23,0.4,22,42,0.27,0
2020-05-24,1.4,15,42,0.37,0
2020-05-25,0.0,17,43,0.39,1
2020-05-26,0.0,28,37,0.24,0
2020-05-27,9.2,29,47,0.16,0
2020-05-28,0.0,12,39,0.3,0
2020-05-29,0.5,15,53,0.18,0
2020-05-30,0.7,18,43,0.21,0
2020-05-31,1.9,32,50,0.38,0
2020-06-01,3.3,14,34,0.33,1
2020-06-02,4.1,13,45,0.25,0
2020-06-03,2.1,30,37,0.1,0
2020-06-04,0.0,14,53,0.24,0
2020-06-05,6.9,31,52,0.32,0
2020-06-06,1.7,20,34,0.17,0
2020-06-07,6.6,14,51,0.33,0
2020-06-08,0.0,19,51,0.32,0
2020-06-09,3.5,29,45,0.35,0
2020-06-10,8.9,31,46,0.2,0
2020-06-11,1.3,24,47,0.22,0
2020-06-12,1.2,19,50,0.3,0
2020-06-13,3.6,27,39,0.19,0
2020-06-14,0.0,16,52,0.09,0
2020-06-15,0.7,16,47,0.09,0
2020-06-16,2.5,35,43,0.15,0
2020-06-17,0.0,10,50,-0.01,0
2020-06-18,4.9,12,41,0.09,0
2020-06-19,3.0,16,39,0.21,0
2020-06-20,2.0,12,46,-0.13,0
2020-06-21,3.9,15,54,0.23,0
2020-06-22,1.3,21,39,0.19,0
2020-06-23,0.0,17,47,0.02,0
2020-06-24,1.2,30,40,0.11,0
2020-06-25,2.8,28,40,0.05,0
2020-06-26,0.0,15,49,0.16,0
2020-06-27,0.2,17,50,0.13,0
2020-06-28,0.3,18,42,-0.12,0
2020-06-29,8.7,23,52,0.07,0
2020-06-30,0.0,17,48,-0.02,0
2020-07-01,1.4,19,44,0.0,0
2020-07-02,6.7,15,48,-0.09,0
2020-07-03,2.7,23,55,0.15,0
2020-07-04,4.2,19,49,0.07,0
2020-07-05,2.0,17,43,-0.11,0
2020-07-06,1.2,32,43,-0.18,0
2020-07-07,0.0,27,45,-0.09,0
2020-07-08,2.1,15,50,-0.02,0
2020-07-09,0.4,27,45,-0.05,0
2020-07-10,0.0,19,55,0.04,0
2020-07-11,1.0,25,43,-0.01,0
2020-07-12,7.3,21,37,-0.0,0
2020-07-13,9.0,18,47,-0.07,0
2020-07-14,1.6,9,45,-0.25,0
2020-07-15,0.3,17,39,-0.14,0
2020-07-16,0.0,20,42,-0.03,0
2020-07-17,3.6,22,43,-0.15,0
2020-07-18,6.6,13,53,-0.1,0
2020-07-19,0.3,10,40,-0.19,0
2020-07-20,0.0,20,47,-0.27,1
2020-07-21,4.6,26,55,-0.19,0
2020-07-22,4.5,15,46,-0.15,0
2020-07-23,0.0,12,46,-0.25,0
2020-07-24,2.1,16,50,-0.22,0
2020-07-25,2.4,10,50,-0.3,0
2020-07-26,2.4,26,51,-0.1,0
2020-07-27,0.0,9,47,-0.25,0
2020-07-28,5.1,21,49,-0.08,0
2020-07-29,0.3,15,50,-0.08,0
2020-07-30,0.0,16,45,-0.25,0
2020-07-31,0.0,21,45,-0.35,0
2020-08-01,5.9,21,45,-0.47,0
2020-08-02,3.1,13,41,-0.41,0
2020-08-03,1.3,10,46,-0.41,0
2020-08-04,0.0,9,55,-0.14,0
2020-08-05,1.1,27,49,-0.28,0
2020-08-06,0.0,24,42,-0.25,0
2020-08-07,0.8,21,45,-0.52,0
2020-08-08,0.0,18,51,-0.43,0
2020-08-09,0.0,22,47,-0.23,0
2020-08-10,0.0,9,52,-0.29,0
2020-08-11,3.9,21,48,-0.34,0
2020-08-12,1.1,12,48,-0.28,1
2020-08-13,4.1,17,45,-0.18,0
2020-08-14,5.8,18,40,-0.37,1
2020-08-15,4.2,10,51,-0.35,1
2020-08-16,2.6,12,46,-0.34,0
2020-08-17,1.6,16,38,-0.13,0
2020-08-18,0.0,9,45,-0.58,0
2020-08-19,3.6,14,51,-0.31,0
2020-08-20,6.0,10,38,-0.39,0
2020-08-21,2.2,12,42,-0.33,0
2020-08-22,7.0,12,48,-0.46,0
2020-08-23,0.0,12,54,-0.4,0
2020-08-24,0.0,16,51,-0.33,0
2020-08-25,3.6,10,55,-0.1,0
2020-08-26,2.2,14,48,-0.33,0
2020-08-27,5.6,17,45,-0.5,0
2020-08-28,1.9,19,50,-0.47,0
2020-08-29,0.0,25,40,-0.47,0
2020-08-30,1.2,18,41,-0.61,0
2020-08-31,0.0,10,42,-0.47,0
2020-09-01,0.0,9,53,-0.37,0
2020-09-02,3.9,10,43,-0.57,0
2020-09-03,4.1,15,52,-0.34,0
2020-09-04,1.8,7,49,-0.4,0
2020-09-05,0.0,12,53,-0.53,0
2020-09-06,0.3,14,41,-0.47,0
2020-09-07,0.0,11,44,-0.3,0
2020-09-08,5.5,20,48,-0.39,0
2020-09-09,0.0,7,46,-0.47,0
2020-09-10,0.0,7,36,-0.5,0
2020-09-11,2.1,20,39,-0.47,0
2020-09-12,0.0,12,42,-0.53,0
2020-09-13,6.1,16,41,-0.69,0
2020-09-14,0.0,15,50,-0.28,0
2020-09-15,0.0,9,49,-0.47,0
2020-09-16,0.0,16,47,-0.45,0
2020-09-17,1.7,18,56,-0.49,0
2020-09-18,0.0,16,52,-0.56,0
2020-09-19,0.0,11,51,-0.51,0
2020-09-20,5.3,17,39,-0.65,0
2020-09-21,3.0,10,48,-0.27,0
2020-09-22,0.8,9,49,-0.62,0
2020-09-23,6.1,20,43,-0.6,0
2020-09-24,2.8,8,56,-0.54,0
2020-09-25,0.0,21,46,-0.37,0
2020-09-26,0.0,12,41,-0.5,0
2020-09-27,3.5,10,43,-0.62,0
2020-09-28,2.4,12,59,-0.37,0
2020-09-29,2.4,19,44,-0.43,0
2020-09-30,0.0,16,36,-0.45,0
2020-10-01,3.9,21,42,-0.43,0
2020-10-02,0.0,13,38,-0.26,0
2020-10-03,1.3,16,51,-0.28,0
2020-10-04,6.2,19,36,-0.57,0
2020-10-05,0.0,11,40,-0.34,0
2020-10-06,0.0,14,47,-0.46,0
2020-10-07,0.0,11,53,-0.45,0
2020-10-08,5.3,23,45,-0.66,0
2020-10-09,3.1,23,39,-0.51,0
2020-10-10,0.3,7,49,-0.57,0
2020-10-11,0.2,17,44,-0.41,0
2020-10-12,3.8,23,51,-0.38,0
2020-10-13,0.0,12,51,-0.69,0
2020-10-14,2.7,18,43,-0.49,0
2020-10-15,0.0,19,50,-0.37,0
2020-10-16,0.0,7,49,-0.5,0
2020-10-17,0.0,17,53,-0.41,0
2020-10-18,0.1,12,51,-0.44,0
2020-10-19,1.9,20,48,-0.44,0
2020-10-20,2.8,21,52,-0.5,0
2020-10-21,0.0,24,45,-0.59,0
2020-10-22,0.0,13,43,-0.58,0
2020-10-23,1.1,23,46,-0.39,0
2020-10-24,6.4,19,44,-0.46,0
2020-10-25,0.0,11,50,-0.47,0
2020-10-26,2.4,19,46,-0.49,0
2020-10-27,5.4,9,50,-0.48,0
2020-10-28,0.0,14,41,-0.34,0
2020-10-29,2.1,9,50,-0.47,0
2020-10-30,0.0,11,41,-0.57,0
2020-10-31,0.0,7,53,-0.36,0
2020-11-01,0.0,18,51,-0.45,0
2020-11-02,0.0,13,49,-0.42,0
2020-11-03,10.0,18,47,-0.25,0
2020-11-04,3.4,9,47,-0.41,0
2020-11-05,4.4,11,44,-0.38,0
2020-11-06,3.1,16,46,-0.52,0
2020-11-07,0.0,19,56,-0.42,0
2020-11-08,2.5,13,48,-0.33,0
2020-11-09,4.7,15,40,-0.54,0
2020-11-10,0.0,22,37,-0.36,0
2020-11-11,4.4,15,39,-0.36,0
2020-11-12,3.1,10,46,-0.36,0
2020-11-13,6.3,7,54,-0.26,0
2020-11-14,0.6,19,41,-0.32,0
2020-11-15,0.0,9,55,-0.2,0
2020-11-16,0.9,20,46,-0.44,0
2020-11-17,6.2,19,48,-0.32,0
2020-11-18,0.0,27,46,-0.32,0
2020-11-19,0.0,22,48,-0.43,0
2020-11-20,2.4,21,43,-0.22,0
2020-11-21,0.0,13,35,-0.08,0
2020-11-22,2.3,23,42,-0.31,0
2020-11-23,4.2,14,42,-0.25,0
2020-11-24,0.0,14,48,-0.28,0
2020-11-25,0.0,19,47,-0.35,0
2020-11-26,8.7,26,43,-0.46,0
2020-11-27,0.0,28,53,-0.34,0
2020-11-28,0.0,19,42,-0.4,0
2020-11-29,5.0,17,35,-0.08,0
2020-11-30,0.2,14,47,-0.26,0
2020-12-01,1.7,19,52,-0.27,0
2020-12-02,2.9,15,48,-0.14,0
2020-12-03,4.3,10,46,-0.34,0
2020-12-04,0.3,13,48,-0.29,0
2020-12-05,5.7,11,56,-0.2,0
2020-12-06,0.0,16,42,-0.1,0
2020-12-07,3.7,14,47,-0.14,0
2020-12-08,0.0,10,51,-0.16,0
2020-12-09,5.1,10,49,-0.17,0
2020-12-10,2.7,23,44,-0.13,0
2020-12-11,0.0,16,44,-0.14,0
2020-12-12,3.5,15,45,-0.26,0
2020-12-13,4.5,18,49,-0.14,0
2020-12-14,3.2,13,49,-0.24,0
2020-12-15,0.0,31,54,-0.12,0
2020-12-16,0.4,19,38,-0.17,0
2020-12-17,1.0,10,56,0.14,0
2020-12-18,1.4,15,45,-0.11,0
2020-12-19,4.5,23,44,-0.23,0
2020-12-20,0.0,32,47,-0.1,0
2020-12-21,2.8,18,50,-0.03,0
2020-12-22,1.2,21,51,0.1,0
2020-12-23,0.0,14,54,-0.12,1
2020-12-24,0.3,25,44,-0.21,0
2020-12-25,0.8,14,54,0.04,0
2020-12-26,0.0,27,41,-0.17,0
2020-12-27,0.3,24,43,-0.07,0
2020-12-28,0.0,26,43,-0.04,0
2020-12-29,3.8,22,42,-0.02,0
2020-12-30,0.0,14,47,0.07,0
2020-12-31,0.9,15,51,-0.06,0
2021-01-01,5.9,13,50,-0.02,0
2021-01-02,4.1,11,44,0.02,0
2021-01-03,5.0,23,41,0.04,0
2021-01-04,0.1,16,42,0.04,0
2021-01-05,2.7,11,48,0.09,0
2021-01-06,2.5,32,35,0.14,0
2021-01-07,2.7,33,38,0.1,0
2021-01-08,4.2,30,41,0.11,0
2021-01-09,1.3,31,49,-0.08,0
2021-01-10,5.7,12,46,0.09,0
2021-01-11,1.0,15,52,0.14,0
2021-01-12,4.6,27,45,0.18,0
2021-01-13,6.9,25,42,0.04,0
2021-01-14,4.7,16,44,0.05,0
2021-01-15,0.0,24,39,0.07,0
2021-01-16,2.6,13,59,0.19,0
2021-01-17,4.1,15,52,0.25,0
2021-01-18,4.7,20,49,0.11,0
2021-01-19,0.0,20,39,0.25,0
2021-01-20,0.6,26,42,0.18,0
2021-01-21,4.1,11,42,0.16,0
2021-01-22,0.9,32,44,0.16,0
2021-01-23,0.7,16,42,0.27,0
2021-01-24,5.9,12,44,0.23,0
2021-01-25,2.9,30,39,0.44,0
2021-01-26,1.5,37,41,0.13,0
2021-01-27,0.4,30,44,0.28,0
2021-01-28,4.3,33,42,0.18,0
2021-01-29,0.0,22,53,0.15,0
2021-01-30,2.0,27,48,0.25,0
2021-01-31,2.2,12,43,0.27,0
2021-02-01,6.2,23,47,0.55,0
2021-02-02,4.1,21,42,0.25,0
2021-02-03,0.0,21,43,0.16,0
2021-02-04,6.2,27,46,0.31,0
2021-02-05,1.0,19,49,0.08,0
2021-02-06,0.0,11,44,0.29,0
2021-02-07,1.4,19,40,0.31,0
2021-02-08,7.1,28,44,0.39,0
2021-02-09,2.0,15,49,0.42,0
2021-02-10,2.9,29,41,0.27,0
2021-02-11,7.1,22,49,0.32,0
2021-02-12,0.0,19,49,0.26,0
2021-02-13,0.0,31,40,0.23,0
2021-02-14,0.0,34,48,0.38,0
2021-02-15,3.5,24,51,0.23,0
2021-02-16,3.1,26,55,0.32,0
2021-02-17,7.3,27,53,0.27,0
2021-02-18,2.7,20,41,0.43,0
2021-02-19,1.9,31,48,0.56,0
2021-02-20,3.6,36,47,0.25,0
2021-02-21,3.8,34,41,0.2,0
2021-02-22,0.0,39,44,0.38,0
2021-02-23,11.8,37,33,0.4,0
2021-02-24,4.3,27,35,0.43,0
2021-02-25,3.6,30,35,0.37,0
2021-02-26,5.3,35,44,0.4,0
2021-02-27,4.5,24,47,0.46,0
2021-02-28,2.7,31,42,0.53,0
2021-03-01,1.5,34,51,0.23,0
2021-03-02,3.5,17,51,0.4,0
2021-03-03,5.4,42,33,0.46,0
2021-03-04,0.8,32,42,0.35,0
2021-03-05,5.6,13,42,0.62,0
2021-03-06,3.7,28,46,0.39,0
2021-03-07,3.8,16,46,0.45,0
2021-03-08,6.1,19,41,0.51,0
2021-03-09,3.1,30,52,0.4,0
2021-03-10,2.9,19,46,0.28,0
2021-03-11,6.4,40,39,0.42,0
2021-03-12,0.8,30,42,0.57,0
2021-03-13,2.7,25,53,0.44,0
2021-03-14,1.9,15,51,0.39,0
2021-03-15,0.0,17,45,0.57,0
2021-03-16,9.4,24,40,0.45,0
2021-03-17,0.0,33,39,0.43,0
2021-03-18,0.0,30,41,0.5,0
2021-03-19,5.6,17,49,0.56,0
2021-03-20,5.6,35,46,0.73,0
2021-03-21,0.0,26,41,0.57,0
2021-03-22,5.1,33,47,0.61,0
2021-03-23,5.8,14,42,0.44,0
2021-03-24,3.1,32,40,0.39,0
2021-03-25,10.7,29,36,0.5,0
2021-03-26,0.0,42,34,0.51,0
2021-03-27,4.5,24,40,0.39,0
2021-03-28,6.5,30,43,0.48,0
2021-03-29,7.0,43,36,0.54,0
2021-03-30,1.2,18,53,0.54,0
2021-03-31,3.2,41,37,0.55,0
2021-04-01,3.8,25,45,0.53,0
2021-04-02,3.6,12,54,0.45,0
2021-04-03,3.6,18,46,0.45,0
2021-04-04,6.4,33,41,0.38,0
2021-04-05,0.0,14,47,0.68,0
2021-04-06,2.0,27,41,0.5,0
2021-04-07,0.0,25,39,0.48,0
2021-04-08,2.2,34,46,0.4,0
2021-04-09,4.6,16,43,0.79,0
2021-04-10,3.6,33,48,0.39,0
2021-04-11,11.9,41,45,0.45,0
2021-04-12,4.1,35,43,0.53,0
2021-04-13,3.0,28,49,0.55,0
2021-04-14,1.7,14,44,0.58,0
2021-04-15,1.1,30,47,0.67,0
2021-04-16,1.1,13,51,0.53,0
2021-04-17,4.9,15,45,0.38,0
2021-04-18,2.1,18,44,0.45,0
2021-04-19,0.4,28,46,0.51,0
2021-04-20,0.5,33,53,0.68,0
2021-04-21,1.4,28,43,0.33,0
2021-04-22,2.6,24,42,0.59,0
2021-04-23,5.4,18,52,0.48,0
2021-04-24,0.0,40,42,0.55,0
2021-04-25,1.3,23,49,0.45,0
2021-04-26,2.5,21,53,0.37,0
2021-04-27,0.0,14,37,0.53,0
2021-04-28,0.8,33,43,0.51,0
2021-04-29,1.5,35,41,0.54,0
2021-04-30,0.0,17,41,0.44,0
2021-05-01,2.2,16,37,0.38,0
2021-05-02,12.9,134,15,0.28,0
2021-05-03,13.0,147,21,0.51,0
2021-05-04,15.4,141,19,0.47,0
2021-05-05,18.0,128,20,0.32,0
2021-05-06,18.2,133,23,0.36,0
2021-05-07,8.6,144,17,0.36,0
2021-05-08,13.6,119,32,0.25,0
2021-05-09,11.0,115,23,0.32,0
2021-05-10,10.4,99,37,0.28,0
2021-05-11,12.7,139,22,0.35,0
2021-05-12,14.2,138,19,0.31,0
2021-05-13,10.8,103,25,0.21,0
2021-05-14,10.9,126,32,0.57,0
2021-05-15,9.3,120,29,0.49,0
2021-05-16,9.0,103,25,0.28,0
2021-05-17,15.1,144,21,0.38,0
2021-05-18,12.5,107,16,0.39,0
2021-05-19,12.6,100,23,0.46,0
2021-05-20,11.0,125,21,0.25,0
2021-05-21,14.0,131,19,0.44,0
2021-05-22,12.6,97,36,0.27,0
2021-05-23,16.1,126,15,0.18,0
2021-05-24,11.8,120,18,0.38,0
2021-05-25,9.2,99,32,0.43,0
2021-05-26,10.8,102,30,0.55,0
2021-05-27,8.6,120,24,0.17,0
2021-05-28,10.1,107,38,0.35,0
2021-05-29,15.9,137,25,0.23,1
2021-05-30,15.0,131,29,0.34,0
2021-05-31,13.0,138,22,0.11,0
2021-06-01,11.1,104,26,0.12,0
2021-06-02,11.1,136,20,0.17,0
2021-06-03,13.2,111,32,0.24,0
2021-06-04,10.5,107,32,0.16,0
2021-06-05,8.5,93,30,0.29,0
2021-06-06,8.2,93,33,0.32,0
2021-06-07,11.9,121,30,0.26,0
2021-06-08,9.7,110,25,0.36,0
2021-06-09,11.9,99,28,0.23,0
2021-06-10,10.4,116,29,0.06,0
2021-06-11,14.7,99,21,0.31,0
2021-06-12,15.7,113,29,0.1,0
2021-06-13,7.6,103,23,0.25,0
2021-06-14,12.5,123,30,0.31,0
2021-06-15,10.2,122,36,0.19,0
2021-06-16,9.7,107,25,-0.02,0
2021-06-17,16.1,101,23,0.03,0
2021-06-18,9.2,101,28,0.25,0
2021-06-19,13.0,119,24,0.09,0
2021-06-20,11.5,99,33,0.11,0
2021-06-21,6.3,93,32,0.17,0
2021-06-22,6.1,87,31,0.15,0
2021-06-23,6.7,103,29,0.1,0
2021-06-24,7.6,103,23,0.04,0
2021-06-25,3.1,117,30,0.02,0
2021-06-26,10.7,91,39,0.13,0
2021-06-27,15.9,97,24,0.09,0
2021-06-28,11.8,114,19,0.0,0
2021-06-29,7.2,114,25,0.13,0
2021-06-30,7.7,96,24,0.0,0
2021-07-01,8.5,99,23,-0.08,0
2021-07-02,6.1,92,24,-0.08,0
2021-07-03,14.2,116,25,-0.11,0
2021-07-04,10.8,84,31,-0.05,0
2021-07-05,8.0,115,28,0.09,0
2021-07-06,12.7,105,26,-0.12,0
2021-07-07,14.4,98,24,-0.03,0
2021-07-08,13.6,79,34,-0.12,0
2021-07-09,18.1,95,25,-0.09,0
2021-07-10,6.5,92,34,-0.22,0
2021-07-11,16.7,82,25,-0.1,0
2021-07-12,9.0,101,18,-0.11,0
2021-07-13,9.4,112,19,-0.04,0
2021-07-14,10.6,96,28,-0.08,0
2021-07-15,8.4,101,28,-0.23,0
2021-07-16,8.9,77,35,-0.02,0
2021-07-17,4.9,89,29,-0.11,0
2021-07-18,7.1,78,30,-0.12,0
2021-07-19,13.4,95,38,-0.15,0
2021-07-20,10.4,106,34,-0.21,0
2021-07-21,10.0,96,35,-0.14,0
2021-07-22,8.8,74,36,-0.13,0
2021-07-23,11.9,84,35,-0.36,0
2021-07-24,4.0,90,27,-0.24,0
2021-07-25,10.3,85,33,-0.22,0
2021-07-26,9.1,99,25,-0.18,0
2021-07-27,10.3,98,25,-0.09,0
2021-07-28,12.3,91,23,-0.3,0
2021-07-29,4.6,82,35,-0.28,0
2021-07-30,4.7,77,35,-0.29,0
2021-07-31,1.4,72,34,-0.32,0
2021-08-01,6.4,80,31,-0.29,0
2021-08-02,12.2,82,24,-0.18,0
2021-08-03,8.6,90,33,-0.37,0
2021-08-04,4.9,89,30,-0.23,0
2021-08-05,5.4,69,40,-0.45,0
2021-08-06,3.4,79,34,-0.34,0
2021-08-07,3.8,72,39,-0.33,0
2021-08-08,8.3,71,35,-0.13,0
2021-08-09,5.7,92,32,-0.34,0
2021-08-10,9.9,66,41,-0.53,0
2021-08-11,7.6,78,33,-0.52,0
2021-08-12,7.3,70,38,-0.32,0
2021-08-13,8.4,92,29,-0.27,0
2021-08-14,10.4,81,33,-0.3,0
2021-08-15,9.4,71,43,-0.33,0
2021-08-16,8.9,79,37,-0.24,0
2021-08-17,10.3,86,30,-0.41,0
2021-08-18,8.6,92,33,-0.28,0
2021-08-19,8.5,69,29,-0.53,0
2021-08-20,7.9,89,31,-0.47,0
2021-08-21,9.0,90,27,-0.56,0
2021-08-22,8.2,90,34,-0.41,1
2021-08-23,6.7,81,32,-0.4,0
2021-08-24,5.9,80,35,-0.39,0
2021-08-25,8.7,73,39,-0.4,0
2021-08-26,12.2,83,31,-0.5,0
2021-08-27,11.1,76,32,-0.43,0
2021-08-28,4.2,80,33,-0.57,0
2021-08-29,11.2,73,31,-0.29,0
2021-08-30,7.1,81,33,-0.46,0
2021-08-31,10.2,84,33,-0.48,0
2021-09-01,3.6,63,38,-0.28,0
2021-09-02,8.7,83,35,-0.56,0
2021-09-03,8.4,75,26,-0.56,0
2021-09-04,3.8,83,26,-0.56,0
2021-09-05,8.9,71,29,-0.46,0
2021-09-06,10.9,69,36,-0.41,0
2021-09-07,8.0,85,31,-0.38,0
2021-09-08,10.6,65,25,-0.2,0
2021-09-09,7.6,82,43,-0.69,0
2021-09-10,9.6,71,25,-0.41,0
2021-09-11,0.5,72,35,-0.53,0
2021-09-12,13.9,66,39,-0.53,0
2021-09-13,11.8,73,31,-0.54,0
2021-09-14,5.7,66,39,-0.57,0
2021-09-15,0.0,58,33,-0.31,0
2021-09-16,7.3,64,38,-0.4,0
2021-09-17,1.4,57,27,-0.48,0
2021-09-18,9.7,84,39,-0.35,0
2021-09-19,9.6,84,33,-0.64,0
2021-09-20,4.0,68,28,-0.62,0
2021-09-21,11.1,77,37,-0.71,0
2021-09-22,9.0,66,44,-0.56,0
2021-09-23,10.4,75,30,-0.48,0
2021-09-24,7.9,79,33,-0.49,0
2021-09-25,4.1,83,30,-0.48,0
2021-09-26,9.6,67,32,-0.64,0
2021-09-27,7.0,78,30,-0.42,0
2021-09-28,2.1,63,34,-0.48,0
2021-09-29,12.5,84,30,-0.43,0
2021-09-30,12.0,57,36,-0.69,0
2021-10-01,7.2,73,33,-0.47,0
2021-10-02,13.9,74,39,-0.62,0
2021-10-03,7.8,75,38,-0.54,0
2021-10-04,4.8,59,30,-0.45,1
2021-10-05,6.3,82,30,-0.49,0
2021-10-06,11.0,61,44,-0.58,0
2021-10-07,5.1,74,36,-0.5,0
2021-10-08,8.4,62,39,-0.65,0
2021-10-09,4.8,65,38,-0.38,0
2021-10-10,5.8,72,34,-0.51,0
2021-10-11,9.9,68,36,-0.38,0
2021-10-12,5.0,61,35,-0.54,0
2021-10-13,4.9,61,42,-0.54,0
2021-10-14,10.2,68,34,-0.56,0
2021-10-15,12.6,78,33,-0.4,0
2021-10-16,10.1,82,37,-0.55,0
2021-10-17,3.9,59,36,-0.42,0
2021-10-18,5.3,68,36,-0.52,0
2021-10-19,6.2,60,36,-0.67,0
2021-10-20,6.8,58,37,-0.53,0
2021-10-21,4.6,76,33,-0.59,0
2021-10-22,9.7,75,32,-0.46,1
2021-10-23,6.5,62,34,-0.58,0
2021-10-24,1.4,65,36,-0.37,0
2021-10-25,3.1,59,43,-0.47,0
2021-10-26,6.8,83,36,-0.47,0
2021-10-27,8.5,87,24,-0.38,0
2021-10-28,12.0,63,35,-0.35,0
2021-10-29,7.3,66,33,-0.44,0
2021-10-30,6.0,85,25,-0.52,0
2021-10-31,9.4,87,33,-0.61,0
2021-11-01,6.1,72,35,-0.5,0
2021-11-02,7.1,61,47,-0.49,0
2021-11-03,7.8,61,36,-0.41,0
2021-11-04,11.3,77,30,-0.45,0
2021-11-05,7.1,72,31,-0.34,0
2021-11-06,11.0,61,35,-0.47,0
2021-11-07,10.5,78,37,-0.41,0
2021-11-08,4.0,61,41,-0.28,0
2021-11-09,15.1,85,47,-0.36,0
2021-11-10,8.1,71,29,-0.39,0
2021-11-11,3.8,63,37,-0.44,0
2021-11-12,13.0,80,30,-0.44,0
2021-11-13,13.7,75,36,-0.45,0
2021-11-14,9.2,93,38,-0.42,0
2021-11-15,6.5,80,38,-0.28,0
2021-11-16,6.7,72,29,-0.37,0
2021-11-17,10.7,86,36,-0.48,0
2021-11-18,11.0,72,25,-0.16,1
2021-11-19,11.0,93,19,-0.3,0
2021-11-20,8.0,77,33,-0.47,0
2021-11-21,12.8,83,36,-0.36,0
2021-11-22,5.8,67,38,-0.3,0
2021-11-23,11.0,79,43,-0.13,0
2021-11-24,8.4,93,31,-0.41,0
2021-11-25,10.6,93,30,-0.19,0
2021-11-26,7.1,74,40,-0.14,0
2021-11-27,7.2,74,33,-0.34,0
2021-11-28,8.4,95,32,-0.3,0
2021-11-29,13.9,99,32,-0.37,0
2021-11-30,4.9,71,30,-0.27,0
2021-12-01,6.1,83,35,-0.25,0
2021-12-02,14.4,80,44,-0.17,1
2021-12-03,12.8,99,35,-0.12,0
2021-12-04,0.0,72,31,-0.3,0
2021-12-05,6.0,77,46,-0.41,1
2021-12-06,4.2,96,34,-0.21,0
2021-12-07,4.3,72,37,-0.17,0
2021-12-08,0.0,88,31,-0.17,0
2021-12-09,8.3,87,36,-0.22,0
2021-12-10,4.9,83,33,-0.16,0
2021-12-11,8.8,86,32,-0.02,0
2021-12-12,4.2,91,31,-0.12,0
2021-12-13,8.1,79,39,-0.19,0
2021-12-14,8.2,94,35,-0.19,0
2021-12-15,14.8,103,28,-0.15,0
2021-12-16,14.4,102,22,0.04,0
2021-12-17,10.4,80,34,-0.14,0
2021-12-18,7.0,80,30,-0.11,0
2021-12-19,14.5,85,30,-0.15,0
2021-12-20,4.2,89,31,0.02,0
2021-12-21,4.9,91,26,0.11,0
2021-12-22,9.9,102,21,-0.03,0
2021-12-23,14.7,79,35,-0.06,0
2021-12-24,7.2,78,34,-0.06,0
2021-12-25,8.8,93,31,-0.29,0
2021-12-26,6.2,105,31,0.03,1
2021-12-27,11.4,86,29,-0.02,0
2021-12-28,13.3,104,30,0.02,0
2021-12-29,11.3,89,38,-0.09,0
2021-12-30,9.6,115,25,-0.05,0
2021-12-31,9.5,116,36,-0.04,0
2022-01-01,5.3,92,31,0.11,0
2022-01-02,9.3,90,27,-0.02,0
2022-01-03,6.6,98,34,0.23,0
2022-01-04,5.6,91,31,0.08,0
2022-01-05,9.7,110,33,-0.08,0
2022-01-06,10.2,117,28,0.04,0
2022-01-07,9.5,111,26,-0.01,0
2022-01-08,13.2,118,34,-0.15,0
2022-01-09,10.2,100,27,0.24,0
2022-01-10,8.2,91,20,0.16,0
2022-01-11,12.1,116,31,0.15,0
2022-01-12,7.0,100,31,0.12,0
2022-01-13,11.7,114,33,-0.03,0
2022-01-14,10.2,97,26,0.07,0
2022-01-15,4.5,90,30,0.21,0
2022-01-16,15.9,129,22,0.03,0
2022-01-17,6.8,94,35,-0.11,0
2022-01-18,13.3,130,27,0.13,0
2022-01-19,16.6,131,24,0.15,0
2022-01-20,15.1,123,26,0.18,0
2022-01-21,11.9,118,20,0.25,0
2022-01-22,10.4,115,30,0.25,0
2022-01-23,15.6,128,28,0.22,0
2022-01-24,12.3,103,40,0.32,0
2022-01-25,9.2,111,30,0.06,0
2022-01-26,9.4,118,29,0.27,0
2022-01-27,4.7,109,30,0.29,0
2022-01-28,11.6,111,24,0.11,0
2022-01-29,10.5,107,34,0.09,0
2022-01-30,15.2,118,26,0.17,0
2022-01-31,14.2,131,22,0.19,0
2022-02-01,14.2,102,28,0.34,0
2022-02-02,11.5,136,22,0.21,0
2022-02-03,15.9,125,22,0.19,0
2022-02-04,11.6,132,24,0.22,0
2022-02-05,14.3,120,25,0.4,0
2022-02-06,8.7,131,22,0.3,0
2022-02-07,10.2,95,33,0.29,0
2022-02-08,7.4,134,23,0.3,0
2022-02-09,8.9,97,27,0.45,0
2022-02-10,15.1,138,18,0.25,0
2022-02-11,12.7,143,21,0.46,0
2022-02-12,7.8,110,24,0.36,0
2022-02-13,13.2,107,24,0.33,0
2022-02-14,13.1,134,19,0.6,0
2022-02-15,9.4,109,29,0.25,0
2022-02-16,14.1,140,27,0.33,0
2022-02-17,18.2,103,31,0.24,0
2022-02-18,13.9,104,33,0.47,0
2022-02-19,18.1,146,20,0.55,0
2022-02-20,14.5,132,24,0.55,0
2022-02-21,14.6,141,30,0.51,0
2022-02-22,4.3,115,31,0.38,0
2022-02-23,11.3,133,28,0.36,0
2022-02-24,11.5,129,22,0.24,1
2022-02-25,7.4,130,23,0.61,0
2022-02-26,9.9,134,25,0.46,0
2022-02-27,7.0,129,21,0.37,0
2022-02-28,12.1,122,13,0.56,0
2022-03-01,13.9,114,29,0.33,0
2022-03-02,17.3,140,26,0.47,0
2022-03-03,12.4,112,27,0.42,0
2022-03-04,10.7,136,19,0.51,0
2022-03-05,5.5,113,25,0.44,0
2022-03-06,8.0,133,13,0.3,0
2022-03-07,10.2,140,20,0.46,0
2022-03-08,8.6,113,21,0.56,0
2022-03-09,10.0,105,25,0.46,0
2022-03-10,7.9,109,22,0.54,0
2022-03-11,14.3,133,16,0.36,0
2022-03-12,13.9,146,15,0.47,0
2022-03-13,10.5,105,32,0.41,0
2022-03-14,17.5,141,19,0.55,0
2022-03-15,8.6,121,20,0.48,0
2022-03-16,14.1,128,28,0.55,0
2022-03-17,15.1,151,20,0.59,0
2022-03-18,11.0,120,14,0.55,0
2022-03-19,15.4,127,29,0.51,0
2022-03-20,13.0,104,29,0.39,0
2022-03-21,8.0,108,32,0.49,0
2022-03-22,11.2,117,25,0.44,0
2022-03-23,11.3,105,37,0.46,0
2022-03-24,12.9,137,20,0.46,0
2022-03-25,14.4,126,11,0.4,0
2022-03-26,14.0,132,19,0.3,0
2022-03-27,16.8,113,29,0.43,0
2022-03-28,7.3,119,26,0.52,0
2022-03-29,13.4,138,21,0.36,0
2022-03-30,12.7,154,14,0.5,0
2022-03-31,12.5,107,28,0.69,0
2022-04-01,10.1,150,19,0.6,0
2022-04-02,14.4,134,23,0.66,0
2022-04-03,11.4,133,26,0.54,0
2022-04-04,10.8,130,24,0.62,0
2022-04-05,6.5,108,27,0.43,0
2022-04-06,9.5,109,23,0.43,0
2022-04-07,16.8,135,29,0.22,0
2022-04-08,12.1,122,35,0.62,0
2022-04-09,17.0,151,28,0.65,0
2022-04-10,17.5,125,28,0.44,0
2022-04-11,11.9,111,19,0.47,0
2022-04-12,12.4,141,12,0.42,0
2022-04-13,13.3,119,23,0.53,0
2022-04-14,11.5,131,23,0.6,0
2022-04-15,12.4,139,21,0.31,0
2022-04-16,10.4,150,20,0.52,0
2022-04-17,17.2,144,14,0.45,1
2022-04-18,12.6,138,30,0.49,0
2022-04-19,14.3,138,29,0.52,0
2022-04-20,12.0,151,13,0.46,0
2022-04-21,13.1,118,17,0.46,0
2022-04-22,8.0,103,28,0.45,0
2022-04-23,11.2,116,33,0.56,0
2022-04-24,13.9,113,27,0.5,0
2022-04-25,16.0,136,24,0.48,0
2022-04-26,13.3,134,21,0.33,0
2022-04-27,7.9,132,24,0.41,0
2022-04-28,19.2,102,34,0.54,0
2022-04-29,19.0,138,24,0.45,0
2022-04-30,13.9,117,29,0.51,0
2022-05-01,11.1,134,14,0.61,0
2022-05-02,12.6,129,34,0.54,1
2022-05-03,10.2,118,18,0.44,0
2022-05-04,14.5,107,29,0.37,0
2022-05-05,11.3,105,28,0.16,0
2022-05-06,11.7,141,21,0.4,0
2022-05-07,13.1,145,25,0.38,0
2022-05-08,16.6,132,20,0.44,0
2022-05-09,15.2,104,27,0.38,0
2022-05-10,16.5,119,20,0.36,0
2022-05-11,15.8,135,28,0.21,0
2022-05-12,12.9,137,23,0.29,0
2022-05-13,0.7,104,32,0.42,0
2022-05-14,10.7,98,34,0.54,0
2022-05-15,13.2,132,33,0.36,0
2022-05-16,11.9,115,36,0.39,0
2022-05-17,11.1,109,29,0.45,0
2022-05-18,5.7,97,31,0.27,0
2022-05-19,13.9,122,22,0.38,0
2022-05-20,15.6,137,26,0.26,0
2022-05-21,16.2,142,25,0.41,0
2022-05-22,15.0,122,21,0.34,0
2022-05-23,13.8,120,29,0.34,0
2022-05-24,8.7,99,35,0.23,0
2022-05-25,11.8,120,20,0.37,0
2022-05-26,11.5,112,28,0.5,0
2022-05-27,12.5,122,25,0.19,0
2022-05-28,14.2,112,27,0.25,0
2022-05-29,12.3,104,24,0.3,0
2022-05-30,15.9,97,21,0.34,0
2022-05-31,17.3,107,24,0.2,0
2022-06-01,9.8,96,26,-0.03,0
2022-06-02,0.0,100,31,0.38,0
2022-06-03,17.3,136,24,0.31,0
2022-06-04,9.5,111,29,0.05,0
2022-06-05,9.1,115,20,0.16,0
2022-06-06,11.8,130,18,0.37,0
2022-06-07,12.2,135,19,0.35,0
2022-06-08,13.4,116,26,0.29,0
2022-06-09,7.8,125,23,0.17,0
2022-06-10,7.1,103,30,0.19,0
2022-06-11,11.2,102,34,0.16,0
2022-06-12,12.5,106,23,0.28,0
2022-06-13,13.6,117,21,0.07,0
2022-06-14,9.3,117,27,0.07,0
2022-06-15,7.1,100,29,0.24,0
2022-06-16,7.7,92,35,0.13,0
2022-06-17,12.0,113,27,0.26,0
2022-06-18,13.6,91,40,0.05,0
2022-06-19,4.9,110,20,0.1,1
2022-06-20,10.7,114,31,0.01,0
2022-06-21,7.4,114,28,0.09,0
2022-06-22,6.6,116,19,-0.07,0
2022-06-23,14.9,120,15,0.02,0
2022-06-24,12.0,104,23,-0.08,0
2022-06-25,12.6,113,33,0.13,0
2022-06-26,13.6,108,33,0.12,0
2022-06-27,7.5,89,31,-0.13,0
2022-06-28,6.9,82,31,0.16,0
2022-06-29,15.9,93,27,0.27,0
2022-06-30,9.1,98,29,0.02,0
2022-07-01,12.7,105,26,-0.06,0
2022-07-02,11.4,114,35,0.28,0
2022-07-03,3.2,87,26,-0.14,0
2022-07-04,2.3,84,35,-0.02,0
2022-07-05,9.9,116,35,-0.01,0
2022-07-06,11.4,82,37,0.1,0
2022-07-07,12.0,96,25,-0.01,0
2022-07-08,12.7,100,22,-0.11,0
2022-07-09,6.8,98,31,-0.16,0
2022-07-10,12.8,80,34,-0.11,0
2022-07-11,4.9,78,40,-0.18,0
2022-07-12,8.6,80,36,-0.09,0
2022-07-13,9.7,97,28,-0.15,0
2022-07-14,9.0,95,28,-0.26,0
2022-07-15,12.3,83,26,0.01,0
2022-07-16,7.7,98,31,-0.17,0
2022-07-17,6.4,104,22,-0.26,0
2022-07-18,7.6,75,39,-0.16,0
2022-07-19,7.9,91,34,-0.14,0
2022-07-20,19.8,97,33,-0.33,0
2022-07-21,10.1,81,27,-0.13,0
2022-07-22,7.1,83,32,-0.28,0
2022-07-23,6.1,93,29,-0.01,0
2022-07-24,4.7,103,29,-0.14,0
2022-07-25,6.8,99,32,-0.24,0
2022-07-26,9.4,91,29,-0.28,0
2022-07-27,13.8,95,28,-0.22,0
2022-07-28,11.6,82,36,-0.16,0
2022-07-29,9.8,91,26,-0.23,0
2022-07-30,7.5,85,29,-0.26,0
2022-07-31,8.3,75,35,-0.24,0
2022-08-01,7.6,92,36,-0.31,0
2022-08-02,13.8,86,27,-0.29,0
2022-08-03,7.3,79,43,-0.47,0
2022-08-04,9.4,97,23,-0.18,0
2022-08-05,0.1,67,44,-0.25,0
2022-08-06,7.1,77,40,-0.36,0
2022-08-07,9.3,68,29,-0.1,0
2022-08-08,5.9,91,23,-0.29,0
2022-08-09,6.5,88,35,-0.41,0
2022-08-10,10.0,76,32,-0.23,0
2022-08-11,4.2,86,27,-0.28,0
2022-08-12,10.9,77,43,-0.29,0
2022-08-13,7.2,88,26,-0.38,0
2022-08-14,6.6,78,30,-0.3,0
2022-08-15,4.2,76,31,-0.37,0
2022-08-16,10.4,93,17,-0.3,0
2022-08-17,14.5,71,36,-0.55,0
2022-08-18,8.9,66,32,-0.41,0
2022-08-19,5.4,80,38,-0.2,0
2022-08-20,12.6,92,36,-0.45,0
2022-08-21,6.3,73,36,-0.44,0
2022-08-22,10.4,63,38,-0.43,0
2022-08-23,9.6,72,36,-0.51,0
2022-08-24,0.0,76,31,-0.62,0
2022-08-25,3.6,66,33,-0.43,0
2022-08-26,10.8,80,40,-0.39,0
2022-08-27,9.5,90,35,-0.42,0
2022-08-28,4.2,73,36,-0.43,0
2022-08-29,5.1,70,39,-0.42,0
2022-08-30,1.4,71,35,-0.32,0
2022-08-31,6.0,63,38,-0.45,0
2022-09-01,15.1,85,35,-0.49,0
2022-09-02,9.5,71,25,-0.47,0
2022-09-03,13.6,70,40,-0.39,0
2022-09-04,10.4,78,38,-0.31,0
2022-09-05,10.2,71,31,-0.51,0
2022-09-06,13.6,77,40,-0.45,0
2022-09-07,7.1,60,26,-0.42,0
2022-09-08,7.5,81,35,-0.56,0
2022-09-09,11.6,85,33,-0.46,0
2022-09-10,12.0,76,33,-0.62,0
2022-09-11,7.1,85,33,-0.65,0
2022-09-12,4.0,62,40,-0.44,0
2022-09-13,7.5,71,26,-0.52,0
2022-09-14,9.9,74,40,-0.46,0
2022-09-15,9.7,73,33,-0.48,0
2022-09-16,2.5,68,41,-0.58,0
2022-09-17,12.3,66,40,-0.49,0
2022-09-18,4.1,60,35,-0.61,0
2022-09-19,6.0,68,36,-0.35,0
2022-09-20,3.4,61,37,-0.63,1
2022-09-21,15.8,77,42,-0.51,0
2022-09-22,6.9,62,31,-0.6,0
2022-09-23,3.2,58,36,-0.44,0
2022-09-24,9.8,72,27,-0.53,0
2022-09-25,9.6,73,36,-0.55,0
2022-09-26,7.5,81,30,-0.41,0
2022-09-27,9.7,72,33,-0.5,0
2022-09-28,4.1,66,44,-0.45,0
2022-09-29,6.3,78,30,-0.6,0
2022-09-30,1.1,71,35,-0.64,0
2022-10-01,1.8,58,36,-0.49,0
2022-10-02,12.6,72,33,-0.53,0
2022-10-03,13.0,81,47,-0.44,0
2022-10-04,6.9,67,27,-0.51,0
2022-10-05,11.4,64,40,-0.48,0
2022-10-06,5.5,60,50,-0.66,0
2022-10-07,5.3,60,43,-0.31,0
2022-10-08,7.0,68,36,-0.51,0
2022-10-09,6.9,73,29,-0.43,0
2022-10-10,5.3,59,44,-0.58,0
2022-10-11,11.7,83,38,-0.46,0
2022-10-12,8.3,78,26,-0.62,0
2022-10-13,9.4,73,33,-0.44,0
2022-10-14,11.1,80,27,-0.52,0
2022-10-15,7.1,59,23,-0.48,0
2022-10-16,4.1,70,29,-0.41,0
2022-10-17,3.4,75,35,-0.6,0
2022-10-18,8.5,81,36,-0.55,0
2022-10-19,7.5,80,32,-0.43,0
2022-10-20,6.8,65,43,-0.26,0
2022-10-21,8.4,84,38,-0.48,0
2022-10-22,13.9,61,37,-0.41,0
2022-10-23,4.3,83,32,-0.47,0
2022-10-24,2.6,86,34,-0.27,0
2022-10-25,7.3,63,37,-0.63,0
2022-10-26,6.8,79,27,-0.44,0
2022-10-27,6.9,60,36,-0.61,0
2022-10-28,8.8,70,39,-0.7,0
2022-10-29,11.3,74,41,-0.41,0
2022-10-30,3.1,76,39,-0.42,0
2022-10-31,7.0,87,34,-0.46,0
2022-11-01,9.2,79,41,-0.44,0
2022-11-02,9.7,74,37,-0.12,0
2022-11-03,15.0,84,32,-0.45,0
2022-11-04,11.8,89,39,-0.36,0
2022-11-05,5.9,61,41,-0.48,0
2022-11-06,6.3,90,38,-0.38,0
2022-11-07,4.6,63,31,-0.42,0
2022-11-08,6.8,86,28,-0.44,0
2022-11-09,9.0,70,31,-0.21,0
2022-11-10,7.4,66,37,-0.27,0
2022-11-11,3.5,75,44,-0.37,0
2022-11-12,6.9,82,27,-0.6,0
2022-11-13,10.0,74,39,-0.4,0
2022-11-14,7.5,64,31,-0.09,0
2022-11-15,9.9,82,44,-0.38,0
2022-11-16,10.3,92,23,-0.24,0
2022-11-17,12.5,76,38,-0.2,0
2022-11-18,7.8,71,40,-0.32,0
2022-11-19,6.6,78,37,-0.41,0
2022-11-20,3.9,66,32,-0.57,0
2022-11-21,9.8,91,26,-0.25,0
2022-11-22,1.9,92,37,-0.39,0
2022-11-23,7.9,85,38,-0.29,0
2022-11-24,7.1,77,39,-0.42,0
2022-11-25,5.1,92,37,-0.32,0
2022-11-26,5.7,85,25,-0.28,0
2022-11-27,11.8,94,23,-0.25,0
2022-11-28,9.5,88,29,-0.38,0
2022-11-29,9.7,94,28,-0.14,0
2022-11-30,9.7,88,29,-0.31,0
2022-12-01,8.5,82,34,-0.41,0
2022-12-02,13.8,101,35,-0.25,0
2022-12-03,9.2,88,30,-0.23,0
2022-12-04,4.6,90,27,-0.21,0
2022-12-05,12.6,77,38,-0.08,0
2022-12-06,10.3,92,30,-0.23,0
2022-12-07,7.2,90,32,-0.21,0
2022-12-08,3.9,77,32,-0.3,1
2022-12-09,8.5,73,37,-0.1,0
2022-12-10,8.9,93,26,-0.16,0
2022-12-11,14.6,99,33,-0.21,0
2022-12-12,8.1,91,31,-0.35,0
2022-12-13,5.6,81,29,-0.01,0
2022-12-14,12.4,97,33,-0.27,0
2022-12-15,10.4,76,30,-0.2,0
2022-12-16,9.5,90,28,-0.09,0
2022-12-17,10.0,80,27,-0.24,0
2022-12-18,8.1,82,25,-0.26,0
2022-12-19,9.0,83,36,-0.31,0
2022-12-20,12.5,90,37,-0.02,0
2022-12-21,9.7,78,32,-0.14,0
2022-12-22,8.6,91,27,0.22,0
2022-12-23,13.7,96,21,-0.17,0
2022-12-24,2.5,96,19,-0.15,0
2022-12-25,15.4,92,35,-0.11,0
2022-12-26,6.0,111,17,-0.02,0
2022-12-27,6.5,84,27,-0.08,0
2022-12-28,9.8,99,31,0.04,0
2022-12-29,7.8,82,34,-0.12,0
2022-12-30,11.2,82,35,-0.15,0
2022-12-31,7.1,103,29,-0.18,0
2023-01-01,11.1,103,27,-0.21,0
2023-01-02,9.9,116,21,-0.03,0
2023-01-03,11.3,104,26,-0.0,0
2023-01-04,11.9,121,24,-0.03,1
2023-01-05,8.7,84,23,0.17,0
2023-01-06,7.1,87,28,0.17,0
2023-01-07,7.0,85,31,0.03,0
2023-01-08,10.0,91,28,-0.11,0
2023-01-09,13.4,106,27,0.02,0
2023-01-10,9.3,111,31,0.03,0
2023-01-11,6.0,86,36,0.03,0
2023-01-12,14.3,125,32,0.03,0
2023-01-13,12.0,121,18,0.05,0
2023-01-14,12.3,98,28,0.08,0
2023-01-15,6.2,89,38,0.06,0
2023-01-16,4.1,94,22,0.16,0
2023-01-17,7.6,92,25,0.18,0
2023-01-18,7.0,93,28,0.06,0
2023-01-19,10.8,110,38,0.29,0
2023-01-20,8.0,99,25,0.07,0
2023-01-21,12.6,104,34,0.02,0
2023-01-22,12.4,133,23,0.22,0
2023-01-23,12.5,120,20,0.11,0
2023-01-24,13.7,132,37,0.23,0
2023-01-25,10.2,96,31,-0.03,0
2023-01-26,10.7,108,30,0.36,0
2023-01-27,13.1,116,29,0.29,0
2023-01-28,7.1,95,33,0.08,0
2023-01-29,13.4,92,42,0.09,0
2023-01-30,11.6,123,34,0.41,0
2023-01-31,8.3,122,20,0.18,0
2023-02-01,11.8,112,37,0.18,0
2023-02-02,9.0,116,23,0.04,0
2023-02-03,13.3,113,29,0.24,0
2023-02-04,16.1,95,23,0.26,0
2023-02-05,8.6,110,33,0.36,0
2023-02-06,11.3,103,27,0.16,0
2023-02-07,4.6,99,24,0.15,0
2023-02-08,15.4,140,27,0.36,0
2023-02-09,9.7,124,32,0.42,0
2023-02-10,11.1,130,31,0.17,0
2023-02-11,7.8,111,20,0.44,0
2023-02-12,13.7,115,34,0.34,0
2023-02-13,13.8,108,26,0.45,0
2023-02-14,10.2,101,40,0.34,0
2023-02-15,8.0,106,31,0.1,0
2023-02-16,18.4,136,24,0.35,0
2023-02-17,10.8,131,23,0.47,0
2023-02-18,6.0,125,24,0.28,0
2023-02-19,13.6,122,22,0.34,0
2023-02-20,11.1,144,15,0.37,0
2023-02-21,13.2,102,27,0.1,0
2023-02-22,10.2,113,33,0.56,0
2023-02-23,13.5,117,19,0.31,0
2023-02-24,18.0,138,29,0.46,0
2023-02-25,11.3,149,20,0.4,0
2023-02-26,9.5,112,31,0.54,0
2023-02-27,14.2,144,25,0.46,0
2023-02-28,18.8,142,26,0.4,0
2023-03-01,9.2,112,27,0.34,0
2023-03-02,10.3,121,26,0.51,1
2023-03-03,13.6,122,30,0.25,0
2023-03-04,13.4,151,14,0.51,0
2023-03-05,11.6,111,21,0.34,0
2023-03-06,9.5,142,19,0.58,0
2023-03-07,18.5,119,27,0.47,0
2023-03-08,9.9,139,31,0.52,0
2023-03-09,11.4,124,25,0.47,0
2023-03-10,13.1,132,33,0.29,0
2023-03-11,20.2,145,23,0.38,0
2023-03-12,10.4,144,18,0.54,0
2023-03-13,20.7,147,26,0.49,0
2023-03-14,12.9,106,27,0.59,0
2023-03-15,15.2,139,23,0.52,0
2023-03-16,8.0,110,21,0.38,0
2023-03-17,14.2,125,17,0.4,0
2023-03-18,11.0,132,26,0.5,0
2023-03-19,16.2,124,30,0.26,0
2023-03-20,10.1,130,33,0.66,0
2023-03-21,15.2,155,14,0.53,0
2023-03-22,9.4,111,35,0.61,0
2023-03-23,10.9,139,28,0.34,0
2023-03-24,14.6,124,22,0.62,0
2023-03-25,12.7,111,34,0.72,0
2023-03-26,14.8,112,32,0.37,0
2023-03-27,10.0,153,25,0.58,1
2023-03-28,18.2,150,30,0.5,0
2023-03-29,22.6,151,25,0.34,0
2023-03-30,14.2,156,8,0.55,0
2023-03-31,17.2,115,28,0.58,0
2023-04-01,11.4,122,17,0.44,0
2023-04-02,9.8,139,22,0.62,0
2023-04-03,12.0,129,24,0.33,0
2023-04-04,15.7,126,21,0.35,0
2023-04-05,9.8,123,20,0.51,0
2023-04-06,11.7,135,20,0.5,0
2023-04-07,15.2,134,21,0.43,0
2023-04-08,11.2,112,26,0.58,0
2023-04-09,14.6,128,24,0.55,0
2023-04-10,13.9,132,26,0.58,0
2023-04-11,14.7,133,21,0.48,0
2023-04-12,10.1,114,33,0.55,0
2023-04-13,14.9,142,21,0.45,0
2023-04-14,7.7,105,33,0.69,0
2023-04-15,16.1,122,24,0.4,0
2023-04-16,12.5,144,34,0.69,0
2023-04-17,16.6,132,25,0.49,0
2023-04-18,10.9,116,34,0.34,0
2023-04-19,14.5,139,18,0.61,0
2023-04-20,11.7,132,21,0.49,0
2023-04-21,11.3,143,20,0.56,0
2023-04-22,8.8,140,34,0.59,0
2023-04-23,10.2,134,22,0.5,0
2023-04-24,11.7,127,20,0.4,0
2023-04-25,11.5,109,34,0.56,0
2023-04-26,14.5,115,27,0.46,0
2023-04-27,11.0,123,24,0.52,0
2023-04-28,10.6,132,20,0.23,0
2023-04-29,8.4,127,27,0.49,0
2023-04-30,13.0,116,32,0.38,0
2023-05-01,14.2,101,33,0.6,0
2023-05-02,16.4,126,22,0.49,0
2023-05-03,13.6,115,22,0.45,0
2023-05-04,15.6,137,2,0.47,0
2023-05-05,15.2,101,25,0.32,0
2023-05-06,13.9,129,22,0.58,0
2023-05-07,16.5,146,20,0.61,0
2023-05-08,9.8,108,27,0.44,0
2023-05-09,8.1,122,39,0.56,0
2023-05-10,8.2,103,31,0.34,0
2023-05-11,12.9,129,18,0.31,0
2023-05-12,12.7,125,28,0.39,0
2023-05-13,17.6,118,28,0.42,0
2023-05-14,12.5,123,20,0.33,0
2023-05-15,17.6,141,23,0.42,0
2023-05-16,9.4,107,31,0.39,0
2023-05-17,8.9,98,35,0.25,0
2023-05-18,9.8,138,13,0.4,0
2023-05-19,10.2,124,28,0.43,0
2023-05-20,15.5,139,29,0.35,0
2023-05-21,12.4,124,34,0.44,0
2023-05-22,16.2,134,17,0.2,0
2023-05-23,12.1,116,26,0.36,0
2023-05-24,11.9,130,23,0.19,0
2023-05-25,20.2,138,25,0.19,0
2023-05-26,11.8,121,24,0.23,0
2023-05-27,13.7,102,26,0.19,0
2023-05-28,9.4,106,29,0.22,0
2023-05-29,12.3,102,27,0.25,0
2023-05-30,13.2,104,32,0.35,0
2023-05-31,11.3,107,24,0.23,0
2023-06-01,4.7,118,21,0.09,0
2023-06-02,12.0,119,32,0.36,0
2023-06-03,14.8,111,39,0.15,0
2023-06-04,13.5,119,35,0.22,0
2023-06-05,10.7,94,30,0.26,0
2023-06-06,4.2,94,36,0.23,0
2023-06-07,7.6,98,26,0.31,0
2023-06-08,12.5,113,29,0.24,0
2023-06-09,11.1,99,27,0.1,0
2023-06-10,13.7,101,36,0.4,0
2023-06-11,10.2,106,34,0.19,0
2023-06-12,13.6,124,35,0.15,0
2023-06-13,8.8,88,31,0.25,0
2023-06-14,8.5,115,34,0.17,0
2023-06-15,4.8,116,29,0.18,0
2023-06-16,13.4,121,26,0.38,0
2023-06-17,13.1,126,26,0.1,0
2023-06-18,6.7,86,41,0.08,0
2023-06-19,4.3,92,30,0.12,0
2023-06-20,14.1,122,25,0.21,0
2023-06-21,9.6,104,18,-0.06,0
2023-06-22,12.5,108,27,-0.12,0
2023-06-23,16.7,111,29,0.01,0
2023-06-24,4.7,111,23,-0.1,0
2023-06-25,10.0,121,20,0.01,0
2023-06-26,11.7,123,16,0.1,0
2023-06-27,15.5,111,24,-0.05,0
2023-06-28,4.4,93,38,-0.11,0
2023-06-29,17.5,117,19,0.03,0
2023-06-30,8.7,83,37,0.1,0
2023-07-01,8.6,89,36,-0.17,0
2023-07-02,11.0,116,39,0.08,0
2023-07-03,7.7,90,37,0.07,0
2023-07-04,11.9,88,37,0.07,0
2023-07-05,5.2,84,35,0.09,0
2023-07-06,12.2,112,27,0.18,0
2023-07-07,8.5,97,34,-0.08,0
2023-07-08,8.0,103,35,-0.04,0
2023-07-09,16.4,86,33,-0.11,0
2023-07-10,11.8,105,35,-0.07,0
2023-07-11,12.3,105,43,0.07,0
2023-07-12,12.2,88,32,-0.22,1
2023-07-13,4.8,91,32,-0.18,0
2023-07-14,13.6,83,32,0.03,0
2023-07-15,3.6,111,28,-0.01,0
2023-07-16,7.5,98,36,-0.16,0
2023-07-17,9.4,108,28,-0.05,0
2023-07-18,10.1,84,34,-0.11,0
2023-07-19,10.8,101,28,0.0,0
2023-07-20,9.5,100,32,-0.15,0
2023-07-21,9.7,97,28,-0.06,0
2023-07-22,7.7,106,22,0.09,0
2023-07-23,4.0,85,35,-0.12,0
2023-07-24,9.8,76,44,-0.18,0
2023-07-25,11.5,94,29,-0.12,0
2023-07-26,14.4,96,25,-0.24,0
2023-07-27,6.6,90,41,0.03,0
2023-07-28,9.8,77,34,-0.2,1
2023-07-29,7.7,86,37,-0.26,0
2023-07-30,11.5,79,30,-0.32,0
2023-07-31,11.4,83,33,-0.13,0
2023-08-01,9.6,90,39,-0.16,0
2023-08-02,8.3,93,32,-0.31,0
2023-08-03,10.4,75,35,-0.21,0
2023-08-04,9.9,80,26,-0.42,0
2023-08-05,5.5,76,38,-0.26,0
2023-08-06,3.3,73,31,-0.24,0
2023-08-07,8.3,92,37,-0.12,0
2023-08-08,14.0,95,32,-0.38,0
2023-08-09,11.1,77,36,-0.44,0
2023-08-10,5.6,89,36,-0.4,0
2023-08-11,5.9,94,33,-0.45,1
2023-08-12,12.9,91,40,-0.19,0
2023-08-13,3.6,70,43,-0.18,0
2023-08-14,10.9,94,25,-0.31,0
2023-08-15,5.7,75,34,-0.22,0
2023-08-16,12.3,74,39,-0.34,0
2023-08-17,4.2,65,32,-0.37,0
2023-08-18,11.2,78,26,-0.4,0
2023-08-19,7.2,66,32,-0.4,0
2023-08-20,7.8,70,35,-0.53,0
2023-08-21,1.2,71,15,-0.36,0
2023-08-22,2.0,86,27,-0.39,0
2023-08-23,8.1,88,23,-0.32,0
2023-08-24,7.7,70,41,-0.39,0
2023-08-25,5.3,87,37,-0.42,0
2023-08-26,5.3,86,34,-0.5,0
2023-08-27,10.0,83,33,-0.41,0
2023-08-28,8.1,64,39,-0.34,0
2023-08-29,7.6,80,29,-0.54,0
2023-08-30,11.1,88,38,-0.42,0
2023-08-31,4.5,80,34,-0.41,0
2023-09-01,5.8,69,40,-0.51,0
2023-09-02,12.3,74,39,-0.5,0
2023-09-03,8.0,78,37,-0.42,0
2023-09-04,7.7,73,36,-0.56,0
2023-09-05,13.1,62,38,-0.42,0
2023-09-06,2.5,67,36,-0.54,0
2023-09-07,10.5,81,36,-0.35,0
2023-09-08,13.3,83,34,-0.23,0
2023-09-09,5.2,62,35,-0.55,0
2023-09-10,11.1,85,36,-0.42,0
2023-09-11,3.8,67,38,-0.54,0
2023-09-12,5.5,76,40,-0.37,0
2023-09-13,9.1,79,25,-0.6,0
2023-09-14,10.4,80,34,-0.43,1
2023-09-15,11.8,84,29,-0.57,0
2023-09-16,11.3,66,34,-0.5,0
2023-09-17,7.9,81,36,-0.59,0
2023-09-18,9.6,60,30,-0.41,0
2023-09-19,6.6,76,35,-0.57,0
2023-09-20,10.4,77,34,-0.44,0
2023-09-21,8.1,75,29,-0.53,0
2023-09-22,7.6,63,38,-0.51,0
2023-09-23,9.4,81,29,-0.48,0
2023-09-24,1.3,61,48,-0.57,0
2023-09-25,2.4,58,44,-0.48,0
2023-09-26,7.9,76,35,-0.35,0
2023-09-27,1.8,69,34,-0.58,0
2023-09-28,10.5,80,36,-0.38,0
2023-09-29,9.3,67,40,-0.35,0
2023-09-30,7.1,61,39,-0.58,0
2023-10-01,4.5,79,29,-0.65,0
2023-10-02,11.2,71,34,-0.47,0
2023-10-03,12.2,61,38,-0.55,0
2023-10-04,8.0,76,36,-0.31,0
2023-10-05,8.5,70,37,-0.5,0
2023-10-06,7.9,73,39,-0.58,0
2023-10-07,8.5,69,42,-0.61,0
2023-10-08,7.5,79,39,-0.39,0
2023-10-09,7.9,80,36,-0.55,0
2023-10-10,10.3,76,28,-0.49,0
2023-10-11,12.9,59,44,-0.4,0
2023-10-12,3.8,80,38,-0.54,0
2023-10-13,7.2,75,33,-0.49,0
2023-10-14,4.1,76,34,-0.49,0
2023-10-15,11.5,67,36,-0.42,0
2023-10-16,6.4,82,31,-0.42,0
2023-10-17,3.5,78,25,-0.5,0
2023-10-18,7.9,60,32,-0.47,0
2023-10-19,12.1,69,31,-0.51,0
2023-10-20,10.3,83,23,-0.62,0
2023-10-21,6.5,59,32,-0.44,0
2023-10-22,9.7,85,38,-0.28,0
2023-10-23,11.9,77,37,-0.55,0
2023-10-24,5.0,76,29,-0.54,0
2023-10-25,6.3,66,33,-0.54,0
2023-10-26,5.1,65,43,-0.38,0
2023-10-27,5.1,86,38,-0.4,0
2023-10-28,5.7,67,36,-0.46,0
2023-10-29,11.5,82,39,-0.53,0
2023-10-30,8.8,71,31,-0.43,0
2023-10-31,8.2,63,38,-0.59,0
2023-11-01,6.4,60,30,-0.42,0
2023-11-02,9.2,76,32,-0.34,0
2023-11-03,6.5,89,32,-0.55,0
2023-11-04,6.2,71,27,-0.57,0
2023-11-05,7.7,71,38,-0.25,0
2023-11-06,7.9,71,39,-0.47,0
2023-11-07,8.7,77,39,-0.29,0
2023-11-08,7.0,74,46,-0.41,0
2023-11-09,7.7,88,34,-0.41,0
2023-11-10,17.2,77,34,-0.34,0
2023-11-11,10.4,77,26,-0.47,0
2023-11-12,7.8,66,38,-0.36,0
2023-11-13,8.6,93,34,-0.41,0
2023-11-14,5.6,70,29,-0.49,0
2023-11-15,6.1,65,35,-0.32,0
2023-11-16,9.3,84,33,-0.38,0
2023-11-17,2.6,82,36,-0.36,0
2023-11-18,3.0,77,38,-0.46,0
2023-11-19,5.9,78,31,-0.17,0
2023-11-20,9.6,90,33,-0.24,0
2023-11-21,6.4,71,38,-0.22,0
2023-11-22,13.6,92,30,-0.34,0
2023-11-23,4.3,87,30,-0.48,0
2023-11-24,5.6,79,37,-0.1,0
2023-11-25,12.7,81,32,-0.3,0
2023-11-26,7.9,75,29,-0.36,0
2023-11-27,11.9,92,38,-0.23,0
2023-11-28,14.6,84,27,-0.15,0
2023-11-29,5.7,78,33,-0.26,0
2023-11-30,8.5,88,34,-0.13,0
2023-12-01,9.4,102,31,-0.14,0
2023-12-02,2.4,83,34,-0.35,0
2023-12-03,9.2,101,15,-0.3,0
2023-12-04,10.7,81,30,-0.13,0
2023-12-05,8.8,72,37,-0.49,0
2023-12-06,9.6,77,34,-0.22,0
2023-12-07,7.4,85,35,-0.34,0
2023-12-08,5.9,79,39,-0.24,0
2023-12-09,10.9,71,38,-0.21,0
2023-12-10,8.9,104,25,-0.21,0
2023-12-11,11.1,102,26,-0.22,0
2023-12-12,10.4,99,38,-0.27,0
2023-12-13,12.3,79,33,0.08,0
2023-12-14,10.6,77,34,0.04,0
2023-12-15,3.7,76,37,-0.25,0
2023-12-16,6.5,101,35,0.03,0
2023-12-17,12.6,109,23,-0.16,0
2023-12-18,8.9,91,29,-0.1,0
2023-12-19,6.6,80,25,-0.11,0
2023-12-20,12.5,95,29,-0.16,0
2023-12-21,9.5,89,35,0.01,0
2023-12-22,9.3,91,29,-0.06,0
2023-12-23,12.4,101,38,-0.12,0
2023-12-24,9.4,105,29,-0.19,0
2023-12-25,12.9,82,33,-0.14,0
2023-12-26,5.5,79,32,-0.21,0
2023-12-27,13.7,117,19,-0.03,0
2023-12-28,13.1,88,31,-0.15,0
2023-12-29,4.0,81,35,-0.04,0
2023-12-30,7.7,87,32,0.13,0
2023-12-31,11.6,82,34,0.12,1
2024-01-01,13.1,96,27,0.01,0
2024-01-02,10.8,113,21,0.01,0
2024-01-03,7.3,95,30,0.21,0
2024-01-04,12.9,100,31,0.09,0
2024-01-05,14.6,110,27,0.01,0
2024-01-06,6.8,103,30,-0.09,0
2024-01-07,8.3,119,30,0.1,0
2024-01-08,12.6,119,30,0.15,0
2024-01-09,10.3,84,37,0.01,0
2024-01-10,10.8,117,31,0.11,0
2024-01-11,12.4,104,31,0.06,0
2024-01-12,10.6,127,26,0.08,0
2024-01-13,4.3,106,38,-0.14,0
2024-01-14,11.5,128,28,0.1,0
2024-01-15,12.1,119,21,0.22,0
2024-01-16,8.9,97,21,0.07,0
2024-01-17,7.5,110,26,0.15,0
2024-01-18,7.7,131,26,0.08,0
2024-01-19,11.0,125,29,0.2,0
2024-01-20,11.9,92,25,0.15,0
2024-01-21,15.8,120,29,0.08,1
2024-01-22,14.0,104,34,0.32,0
2024-01-23,6.6,90,35,0.29,0
2024-01-24,7.3,108,30,0.14,0
2024-01-25,11.6,101,29,0.26,0
2024-01-26,14.6,127,22,0.27,0
2024-01-27,11.8,106,32,0.29,0
2024-01-28,6.9,129,27,0.06,0
2024-01-29,6.6,92,29,0.34,0
2024-01-30,10.5,106,41,0.19,0
2024-01-31,11.8,103,21,0.22,0
2024-02-01,12.6,103,28,0.53,0
2024-02-02,10.0,96,26,0.3,0
2024-02-03,11.2,102,31,0.24,0
2024-02-04,12.3,120,16,0.06,0
2024-02-05,12.9,108,34,0.43,0
2024-02-06,12.3,114,32,0.16,0
2024-02-07,11.4,112,28,0.2,0
2024-02-08,12.9,137,21,0.28,0
2024-02-09,14.0,138,25,0.46,0
2024-02-10,13.4,119,27,0.4,1
2024-02-11,12.0,112,32,0.32,0
2024-02-12,11.2,101,29,0.37,0
2024-02-13,18.2,142,20,0.28,0
2024-02-14,10.8,100,35,0.36,0
2024-02-15,9.3,112,30,0.36,0
2024-02-16,13.9,112,26,0.46,0
2024-02-17,7.2,113,29,0.46,0
2024-02-18,7.4,106,29,0.42,0
2024-02-19,14.7,137,24,0.34,0
2024-02-20,11.9,104,35,0.46,1
2024-02-21,9.3,130,22,0.38,0
2024-02-22,9.4,105,25,0.29,0
2024-02-23,8.5,103,30,0.36,0
2024-02-24,13.0,145,18,0.41,0
2024-02-25,13.7,109,23,0.5,0
2024-02-26,16.2,141,26,0.4,0
2024-02-27,12.6,127,23,0.3,0
2024-02-28,8.8,104,19,0.43,0
2024-02-29,10.9,149,24,0.44,0
2024-03-01,15.6,113,25,0.45,0
2024-03-02,16.2,144,24,0.53,0
2024-03-03,8.9,110,33,0.54,0
2024-03-04,16.7,145,21,0.39,0
2024-03-05,10.0,102,19,0.39,0
2024-03-06,11.9,128,14,0.35,0
2024-03-07,15.4,141,18,0.53,0
2024-03-08,12.8,150,19,0.61,0
2024-03-09,13.9,149,26,0.43,0
2024-03-10,14.8,144,22,0.44,0
2024-03-11,13.3,148,33,0.62,0
2024-03-12,13.3,113,19,0.52,0
2024-03-13,17.3,117,27,0.52,0
2024-03-14,9.5,118,24,0.36,0
2024-03-15,7.2,122,26,0.55,0
2024-03-16,6.3,123,34,0.39,0
2024-03-17,12.6,131,32,0.37,0
2024-03-18,9.2,112,27,0.45,0
2024-03-19,14.5,139,26,0.43,0
2024-03-20,11.6,112,28,0.47,0
2024-03-21,7.2,120,20,0.35,0
2024-03-22,7.6,130,24,0.59,0
2024-03-23,15.4,145,18,0.61,0
2024-03-24,14.6,142,21,0.3,0
2024-03-25,12.4,137,18,0.59,0
2024-03-26,6.2,112,28,0.42,0
2024-03-27,14.6,132,25,0.58,0
2024-03-28,14.7,109,31,0.49,0
2024-03-29,13.2,124,26,0.5,0
2024-03-30,10.0,125,33,0.48,0
2024-03-31,10.7,106,39,0.62,0
2024-04-01,7.7,118,24,0.38,0
2024-04-02,18.6,154,24,0.56,0
2024-04-03,15.6,154,29,0.61,0
2024-04-04,6.9,122,30,0.57,0
2024-04-05,9.7,106,32,0.73,0
2024-04-06,12.7,113,18,0.44,0
2024-04-07,11.4,124,22,0.59,0
2024-04-08,14.5,153,17,0.48,0
2024-04-09,7.4,111,34,0.62,0
2024-04-10,16.0,143,17,0.49,0
2024-04-11,9.0,109,27,0.45,0
2024-04-12,8.9,154,23,0.62,0
2024-04-13,11.2,123,21,0.44,0
2024-04-14,17.2,143,22,0.34,0
2024-04-15,10.9,121,26,0.43,0
2024-04-16,18.7,135,27,0.54,0
2024-04-17,12.6,113,30,0.62,0
2024-04-18,12.0,110,31,0.49,0
2024-04-19,14.7,151,20,0.61,0
2024-04-20,14.8,150,11,0.34,0
2024-04-21,14.0,148,21,0.42,0
2024-04-22,12.5,134,23,0.44,0
2024-04-23,15.9,143,25,0.45,0
2024-04-24,7.8,106,26,0.47,0
2024-04-25,8.7,119,26,0.52,0
2024-04-26,8.4,118,26,0.41,0
2024-04-27,19.5,134,19,0.46,0
2024-04-28,13.5,119,20,0.44,0
2024-04-29,11.8,109,30,0.35,0
2024-04-30,9.9,131,28,0.42,0
2024-05-01,16.1,142,18,0.42,0
2024-05-02,11.7,120,24,0.41,0
2024-05-03,11.3,107,32,0.43,0
2024-05-04,8.1,110,32,0.43,0
2024-05-05,11.7,112,28,0.37,0
2024-05-06,10.2,115,29,0.54,1
2024-05-07,10.8,131,26,0.29,0
2024-05-08,15.1,129,27,0.33,0
2024-05-09,8.7,133,18,0.67,0
2024-05-10,13.3,116,36,0.28,0
2024-05-11,16.0,139,23,0.25,0
2024-05-12,8.2,108,32,0.45,0
2024-05-13,9.6,121,21,0.16,0
2024-05-14,13.0,137,21,0.34,0
2024-05-15,11.4,106,30,0.57,0
2024-05-16,9.7,102,20,0.2,0
2024-05-17,15.2,139,17,0.15,0
2024-05-18,16.6,113,23,0.19,0
2024-05-19,11.4,129,17,0.42,0
2024-05-20,4.6,97,31,0.44,0
2024-05-21,15.3,128,24,0.27,0
2024-05-22,16.0,110,35,0.38,0
2024-05-23,10.9,97,24,0.45,0
2024-05-24,9.0,123,26,0.48,0
2024-05-25,10.1,105,24,0.27,0
2024-05-26,7.8,112,19,0.06,0
2024-05-27,11.6,97,33,0.2,0
2024-05-28,5.9,100,33,0.23,0
2024-05-29,9.8,107,31,0.24,0
2024-05-30,6.7,97,24,0.24,0
2024-05-31,13.8,134,23,0.36,0
2024-06-01,8.1,92,34,0.37,0
2024-06-02,11.8,113,32,0.22,0
2024-06-03,9.8,97,33,0.34,0
2024-06-04,7.5,105,33,0.26,0
2024-06-05,15.1,132,28,0.22,0
2024-06-06,9.6,97,31,0.3,0
2024-06-07,10.3,133,25,0.2,0
2024-06-08,16.5,98,35,0.39,0
2024-06-09,13.6,122,27,0.04,0
2024-06-10,10.7,112,33,0.12,0
2024-06-11,16.9,127,28,0.15,0
2024-06-12,16.7,112,24,0.2,0
2024-06-13,10.6,110,21,0.28,0
2024-06-14,10.5,95,31,0.14,0
2024-06-15,6.4,94,25,-0.01,0
2024-06-16,12.1,125,25,0.21,0
2024-06-17,9.4,100,29,0.19,0
2024-06-18,10.7,101,36,-0.09,0
2024-06-19,12.7,117,29,0.1,0
2024-06-20,11.6,99,35,-0.07,0
2024-06-21,13.1,124,22,0.01,0
2024-06-22,7.8,114,34,-0.02,0
2024-06-23,8.0,108,32,0.15,0
2024-06-24,10.3,119,28,0.07,0
2024-06-25,7.6,84,24,-0.08,0
2024-06-26,12.4,92,37,0.13,0
2024-06-27,6.5,100,38,-0.11,0
2024-06-28,7.9,90,32,0.05,0
2024-06-29,14.0,111,27,-0.07,0
2024-06-30,10.8,117,24,-0.03,0
2024-07-01,11.1,97,22,0.05,0
2024-07-02,8.9,93,28,0.04,0
2024-07-03,12.5,117,34,0.11,0
2024-07-04,8.9,96,36,-0.04,0
2024-07-05,11.7,97,26,-0.01,0
2024-07-06,4.5,91,28,-0.09,0
2024-07-07,10.1,112,38,-0.04,0
2024-07-08,10.8,99,25,-0.02,0
2024-07-09,12.2,106,25,-0.08,0
2024-07-10,15.2,107,26,-0.26,0
2024-07-11,7.7,89,25,-0.06,0
2024-07-12,13.6,92,28,-0.06,0
2024-07-13,8.7,107,25,-0.17,0
2024-07-14,12.8,88,27,-0.24,0
2024-07-15,12.8,103,36,0.02,0
2024-07-16,8.1,108,22,-0.08,0
2024-07-17,10.5,96,30,-0.16,0
2024-07-18,9.8,100,25,-0.26,0
2024-07-19,12.1,102,28,-0.24,0
2024-07-20,9.6,103,24,-0.03,0
2024-07-21,7.7,86,33,-0.16,0
2024-07-22,11.4,73,37,-0.24,0
2024-07-23,8.2,85,40,-0.14,0
2024-07-24,11.9,94,28,-0.28,0
2024-07-25,7.9,86,40,-0.05,0
2024-07-26,14.6,96,26,-0.08,0
2024-07-27,6.2,82,32,-0.27,0
2024-07-28,7.3,91,40,-0.29,0
2024-07-29,12.1,75,49,-0.5,0
2024-07-30,8.1,94,39,-0.39,0
2024-07-31,13.5,87,31,-0.38,0
2024-08-01,10.2,75,37,-0.24,0
2024-08-02,7.2,77,38,-0.3,0
2024-08-03,3.8,92,33,-0.41,0
2024-08-04,8.2,83,28,-0.31,0
2024-08-05,7.6,73,36,-0.24,1
2024-08-06,13.3,98,27,-0.24,0
2024-08-07,13.7,89,27,-0.49,0
2024-08-08,7.5,96,29,-0.32,0
2024-08-09,10.3,79,35,-0.45,0
2024-08-10,10.3,80,39,-0.23,0
2024-08-11,12.5,93,30,-0.25,0
2024-08-12,9.6,81,33,-0.42,0
2024-08-13,2.8,86,36,-0.42,1
2024-08-14,6.6,71,36,-0.39,0
2024-08-15,4.2,77,36,-0.58,0
2024-08-16,6.1,67,36,-0.33,0
2024-08-17,9.8,69,37,-0.39,0
2024-08-18,7.1,62,32,-0.27,0
2024-08-19,9.7,63,38,-0.49,0
2024-08-20,10.2,92,38,-0.44,0
2024-08-21,3.0,69,37,-0.54,0
2024-08-22,0.5,81,29,-0.49,0
2024-08-23,9.0,86,40,-0.52,0
2024-08-24,7.1,77,38,-0.3,0
2024-08-25,3.6,65,40,-0.48,0
2024-08-26,3.1,82,37,-0.4,0
2024-08-27,5.6,78,28,-0.46,0
2024-08-28,7.6,82,36,-0.55,0
2024-08-29,10.2,82,40,-0.44,0
2024-08-30,9.4,88,29,-0.37,0
2024-08-31,12.4,76,25,-0.56,0
2024-09-01,3.8,69,38,-0.36,0
2024-09-02,10.4,78,34,-0.53,0
2024-09-03,6.2,61,30,-0.5,0
2024-09-04,10.5,84,36,-0.4,0
2024-09-05,4.9,62,40,-0.52,0
2024-09-06,9.9,67,29,-0.46,0
2024-09-07,9.0,81,43,-0.49,0
2024-09-08,5.5,75,38,-0.45,0
2024-09-09,6.9,69,26,-0.71,0
2024-09-10,6.4,71,39,-0.65,0
2024-09-11,9.7,82,37,-0.41,0
2024-09-12,3.2,67,43,-0.37,0
2024-09-13,8.1,82,30,-0.57,1
2024-09-14,7.1,59,42,-0.51,0
2024-09-15,8.0,79,33,-0.45,0
2024-09-16,12.1,81,31,-0.42,0
2024-09-17,8.5,62,33,-0.69,0
2024-09-18,6.9,69,26,-0.58,0
2024-09-19,6.8,61,40,-0.52,0
2024-09-20,8.5,76,33,-0.42,0
2024-09-21,8.3,71,22,-0.24,0
2024-09-22,1.9,74,35,-0.52,0
2024-09-23,5.3,62,43,-0.64,1
2024-09-24,1.7,62,31,-0.46,0
2024-09-25,9.5,57,35,-0.37,0
2024-09-26,6.3,65,39,-0.49,0
2024-09-27,6.6,72,22,-0.59,0
2024-09-28,10.7,80,31,-0.4,0
2024-09-29,8.8,75,36,-0.43,0
2024-09-30,3.4,68,33,-0.6,0
2024-10-01,8.1,83,26,-0.46,0
2024-10-02,6.6,76,28,-0.4,0
2024-10-03,3.0,82,25,-0.38,0
2024-10-04,5.0,71,32,-0.51,0
2024-10-05,5.7,63,42,-0.53,0
2024-10-06,5.5,58,50,-0.37,0
2024-10-07,3.3,77,34,-0.62,0
2024-10-08,9.5,60,41,-0.45,0
2024-10-09,6.2,65,32,-0.63,0
2024-10-10,7.2,71,25,-0.39,0
2024-10-11,8.4,72,44,-0.52,0
2024-10-12,5.0,74,32,-0.36,0
2024-10-13,7.5,61,41,-0.44,0
2024-10-14,5.6,67,37,-0.61,0
2024-10-15,4.7,74,40,-0.34,1
2024-10-16,10.2,85,37,-0.33,0
2024-10-17,12.3,78,35,-0.39,0
2024-10-18,10.6,84,35,-0.55,0
2024-10-19,10.7,79,40,-0.5,0
2024-10-20,5.8,74,33,-0.46,0
2024-10-21,1.5,63,45,-0.54,0
2024-10-22,12.2,77,31,-0.29,0
2024-10-23,13.8,76,35,-0.45,0
2024-10-24,12.2,76,37,-0.73,0
2024-10-25,6.2,72,27,-0.42,0
2024-10-26,3.9,74,42,-0.48,0
2024-10-27,3.6,68,38,-0.45,0
2024-10-28,2.3,74,51,-0.48,0
2024-10-29,6.2,65,47,-0.36,0
2024-10-30,13.1,83,33,-0.32,0
2024-10-31,6.1,65,45,-0.4,0
2024-11-01,7.1,62,41,-0.46,0
2024-11-02,11.4,73,36,-0.42,0
2024-11-03,6.8,80,25,-0.41,0
2024-11-04,13.4,73,28,-0.49,0
2024-11-05,12.9,69,36,-0.35,0
2024-11-06,7.4,78,31,-0.35,0
2024-11-07,5.5,72,36,-0.24,0
2024-11-08,11.1,90,38,-0.26,0
2024-11-09,8.0,90,36,-0.45,0
2024-11-10,4.2,77,31,-0.3,0
2024-11-11,11.0,72,40,-0.47,0
2024-11-12,12.1,85,28,-0.3,0
2024-11-13,6.9,64,31,-0.41,0
2024-11-14,4.0,78,36,-0.46,0
2024-11-15,3.7,74,31,-0.32,0
2024-11-16,9.6,93,28,-0.61,0
2024-11-17,4.9,64,42,-0.51,0
2024-11-18,7.2,82,36,-0.35,0
2024-11-19,11.9,88,30,-0.32,0
2024-11-20,10.2,80,25,-0.35,0
2024-11-21,10.9,68,32,-0.47,0
2024-11-22,6.7,97,40,-0.39,0
2024-11-23,7.3,83,38,-0.26,1
2024-11-24,10.9,86,39,-0.23,0
2024-11-25,8.7,74,36,-0.28,0
2024-11-26,12.9,83,31,-0.16,0
2024-11-27,9.4,81,38,-0.23,0
2024-11-28,12.5,70,42,-0.34,0
2024-11-29,8.7,71,33,-0.28,0
2024-11-30,12.9,97,27,-0.39,0
2024-12-01,6.7,77,26,-0.25,0
2024-12-02,7.6,76,31,-0.12,0
2024-12-03,11.4,87,35,-0.16,0
2024-12-04,14.4,96,27,-0.08,0
2024-12-05,9.4,72,40,-0.24,0
2024-12-06,8.9,91,41,-0.07,0
2024-12-07,11.6,75,35,-0.21,0
2024-12-08,0.6,72,35,-0.04,0
2024-12-09,3.0,73,38,-0.18,0
2024-12-10,12.2,102,26,-0.1,0
2024-12-11,7.7,77,31,-0.01,0
2024-12-12,9.2,74,32,-0.17,0
2024-12-13,9.1,89,26,-0.12,0
2024-12-14,12.1,104,33,-0.01,0
2024-12-15,6.0,84,30,-0.14,0
2024-12-16,10.7,90,37,-0.25,0
2024-12-17,10.6,76,37,0.1,0
2024-12-18,12.9,92,31,-0.15,0
2024-12-19,15.7,97,34,-0.08,0
2024-12-20,10.5,98,25,0.03,0
2024-12-21,9.7,89,28,-0.14,0
2024-12-22,4.3,89,35,-0.17,0
2024-12-23,6.5,81,22,-0.03,0
2024-12-24,8.6,92,31,-0.23,0
2024-12-25,11.4,82,36,-0.07,0
2024-12-26,9.0,108,34,-0.01,0
2024-12-27,14.1,117,34,-0.05,0
2024-12-28,11.8,118,25,-0.17,0
2024-12-29,10.9,114,31,0.15,0
2024-12-30,11.1,104,25,0.01,0
2024-12-31,9.7,109,25,0.15,0
