Keyword,Bank Name Used,Rank Position
mortgage loans best rates,firstbank,3
mortgage loans best rates,stanbicibtc,4
mortgage loans best rates,gtbank,7
best home equity loans,stanbicibtc,1
best home equity loans,firstbank,5
best home equity loans,fcmb,7
best home equity loans,accessbank,8
best business lenders,fcmb,7
best business lenders,fidelitybank,8
best lenders for business loans,fidelitybank,5
personal loan lowest interest rate,firstbank,2
personal loan lowest interest rate,fidelitybank,3
personal loan lowest interest rate,gtbank,5
personal loan bank,firstbank,1
personal loan bank,uba,3
personal loan bank,fidelitybank,4
personal loan bank,accessbank,5
personal loan bank,gtbank,6
personal loan bank,wema,7
personal loan bank,stanbicibtc,8
personal loan bank,firstbank,9
personal loan no credit check,firstbank,3
personal loan no credit check,fidelitybank,6
personal loan no credit check,uba,7
lowest bank loan rates,firstbank,5
best home mortgage lenders,firstbank,5
best home mortgage lenders,gtbank,10
best loans for small businesses,fidelitybank,4
best loans for small businesses,firstbank,5
best mortgage loans,gtbank,4
best mortgage loans,firstbank,5
good mortgage lenders,gtbank,10
best mortgage loan companies,firstbank,5
best lenders for small business loans,fidelitybank,2
best lenders for small business loans,firstbank,5
best lenders for small business loans,uba,7
best home mortgage companies,firstbank,5
best home mortgage companies,gtbank,7
best home financing,firstbank,2
best home financing,stanbicibtc,4
best home financing,gtbank,7
best home financing,accessbank,8
great mortgage lenders,gtbank,7
great mortgage lenders,fcmb,8
good home mortgage lenders,firstbank,7
best bank loans,firstbank,1
best bank loans,gtbank,2
best bank loans,uba,5
best bank loans,fidelitybank,6
best bank loans,stanbicibtc,8
best company for personal loans,uba,6
best company for personal loans,firstbank,7
lowest mortgage rates,stanbicibtc,3
lowest mortgage rates,firstbank,9
lowest mortgage rates,gtbank,10
lowest interest rate home loan,stanbicibtc,1
lowest interest rate home loan,firstbank,3
lowest interest rate home loan,fcmb,8
lowest interest rate home loan,stanbicibtc,9
lowest interest rate mortgage,stanbicibtc,2
lowest interest rate mortgage,firstbank,5
lowest interest rate mortgage,fcmb,6
lowest interest rate mortgage,gtbank,10
best bank for personal loans,firstbank,2
best bank for personal loans,fidelitybank,4
best bank for personal loans,uba,5
best bank for personal loans,wema,6
best bank for personal loans,gtbank,7
best bank for personal loans,firstbank,9
banks that offer personal loans,firstbank,1
banks that offer personal loans,uba,3
banks that offer personal loans,fidelitybank,4
banks that offer personal loans,wema,5
banks that offer personal loans,accessbank,6
banks that offer personal loans,stanbicibtc,7
banks that offer personal loans,gtbank,8
banks that offer personal loans,firstbank,9
best bank for heloc,stanbicibtc,8
best bank for heloc,firstbank,9
best place to get a business loan,fcmb,3
best place to get a business loan,fidelitybank,7
best bank for home loan,firstbank,2
best bank for home loan,stanbicibtc,6
best bank for home loan,gtbank,8
best bank for mortgage,gtbank,6
best bank for mortgage,firstbank,8
best bank to get a personal loan,firstbank,1
best bank to get a personal loan,fidelitybank,4
best bank to get a personal loan,uba,5
best bank to get a personal loan,wema,6
best bank to get a personal loan,gtbank,7
best bank to get a personal loan,stanbicibtc,8
best bank to get a personal loan,firstbank,9
best bank for home equity line of credit,stanbicibtc,2
best bank for home equity line of credit,firstbank,3
best bank for home equity line of credit,accessbank,5
best place to get a mortgage loan,firstbank,4
best place to get a mortgage loan,gtbank,5
best place to get a mortgage loan,uba,7
best place to get a mortgage loan,stanbicibtc,9
best mortgage lenders for self employed,accessbank,3
best mortgage lenders for self employed,uba,5
best mortgage lenders for self employed,fcmb,7
banks that give personal loans,firstbank,1
banks that give personal loans,fidelitybank,3
banks that give personal loans,uba,4
banks that give personal loans,wema,5
banks that give personal loans,gtbank,6
banks that give personal loans,accessbank,7
banks that give personal loans,firstbank,8
banks that give personal loans,stanbicibtc,9
banks that give personal loans,unionbank,10
banks with lowest mortgage rates,stanbicibtc,7
banks with lowest mortgage rates,gtbank,9
best bank for mortgage loan,firstbank,5
best bank for mortgage loan,gtbank,6
cheapest business loans,fidelitybank,3
cheapest business loans,gtbank,6
cheapest business loans,accessbank,8
cheapest bank loans,firstbank,1
cheapest bank loans,gtbank,3
cheapest bank loans,fidelitybank,5
cheapest bank loans,uba,6
cheapest bank loans,stanbicibtc,7
best bank to get a home equity loan,firstbank,1
best bank to get a home equity loan,stanbicibtc,3
best bank to get a home equity loan,accessbank,4
best bank to get a home equity loan,uba,9
best bank for equity line of credit,stanbicibtc,1
best bank for equity line of credit,keystonebank,5
best bank for equity line of credit,firstbank,9
banks with low interest rates,firstbank,3
best bank loan rates,firstbank,1
best bank loan rates,gtbank,7
mortgage lenders with lowest interest rates,gtbank,6
mortgage lenders with lowest interest rates,firstbank,7
mortgage lenders with lowest interest rates,fcmb,10
best home equity loan providers,stanbicibtc,3
best home equity loan providers,firstbank,4
best home equity loan providers,accessbank,9
best bank for home mortgage,gtbank,5
best bank for home mortgage,firstbank,7
best bank for home mortgage,stanbicibtc,9
low interest bank loans,firstbank,1
low interest bank loans,gtbank,3
low interest bank loans,fidelitybank,4
low interest bank loans,uba,5
best bank to get a loan,firstbank,1
best bank to get a loan,gtbank,3
best bank to get a loan,fidelitybank,4
best bank to get a loan,uba,5
best bank to get a loan,firstbank,6
best bank to get a loan,stanbicibtc,7
best bank to get a loan,wema,8
good interest rate for personal loan,firstbank,1
good interest rate for personal loan,fidelitybank,3
good interest rate for personal loan,gtbank,4
good interest rate for personal loan,firstbank,5
best loans with no credit check,firstbank,3
best loans with no credit check,uba,10
banks that offer loans,firstbank,1
banks that offer loans,fidelitybank,2
banks that offer loans,gtbank,3
banks that offer loans,uba,4
banks that offer loans,stanbicibtc,6
banks that offer loans,wema,7
banks that offer loans,accessbank,8
banks that offer loans,firstbank,10
best bank for house loans,firstbank,1
best bank for house loans,gtbank,5
best bank for house loans,stanbicibtc,6
best banks to get home equity loans,firstbank,2
best banks to get home equity loans,stanbicibtc,3
best banks to get home equity loans,accessbank,4
the best mortgage loans,gtbank,5
the best mortgage loans,firstbank,7
best bank business loans,fidelitybank,1
best bank business loans,fcmb,5
best bank business loans,uba,6
best bank business loans,firstbank,8
best bank to get a loan from,firstbank,1
best bank to get a loan from,gtbank,3
best bank to get a loan from,fidelitybank,4
best bank to get a loan from,stanbicibtc,5
best bank to get a loan from,uba,6
best bank to get a loan from,wema,7
best bank to get a loan from,accessbank,9
lowest interest mortgage,stanbicibtc,5
lowest housing loan interest rate,stanbicibtc,1
lowest housing loan interest rate,firstbank,3
lowest mortgage loan rates,stanbicibtc,2
lowest mortgage loan rates,firstbank,3
lowest mortgage loan rates,fcmb,6
lowest mortgage loan rates,gtbank,8
bank loans with low interest rates,firstbank,1
bank loans with low interest rates,fidelitybank,4
bank loans with low interest rates,gtbank,5
bank loans with low interest rates,uba,7
bank loans with low interest rates,stanbicibtc,10
lowest mortgage loan interest rate,firstbank,2
lowest mortgage loan interest rate,stanbicibtc,5
lowest mortgage loan interest rate,unionbank,7
lowest mortgage loan interest rate,fcmb,8
lowest loan interest rate bank,firstbank,3
banks that provide personal loans,firstbank,2
banks that provide personal loans,uba,3
banks that provide personal loans,stanbicibtc,4
banks that provide personal loans,fidelitybank,5
banks that provide personal loans,gtbank,6
banks that provide personal loans,unionbank,7
banks that provide personal loans,wema,8
banks that provide personal loans,accessbank,9
banks that provide personal loans,keystonebank,10
best personal loans usa,firstbank,3
best personal loans usa,fidelitybank,5
best personal loans usa,uba,7
best personal loans usa,gtbank,10
cheapest business loan interest rate,fidelitybank,3
cheapest business loan interest rate,uba,4
cheapest business loan interest rate,gtbank,5
best bank to borrow personal loan,firstbank,2
best bank to borrow personal loan,fidelitybank,3
best bank to borrow personal loan,uba,5
best bank to borrow personal loan,wema,6
best bank to borrow personal loan,gtbank,7
best bank to borrow personal loan,accessbank,8
best bank with low interest rate for personal loan,firstbank,2
best bank with low interest rate for personal loan,fidelitybank,3
best bank with low interest rate for personal loan,gtbank,4
best bank with low interest rate for personal loan,uba,5
best bank with low interest rate for personal loan,wema,6
best bank loan interest rates,firstbank,2
best bank loan interest rates,fidelitybank,9
top mortgage banks,firstbank,9
banks that have personal loans,firstbank,1
banks that have personal loans,fidelitybank,3
banks that have personal loans,uba,4
banks that have personal loans,wema,5
banks that have personal loans,gtbank,6
banks that have personal loans,accessbank,7
banks that have personal loans,unionbank,9
banks that have personal loans,stanbicibtc,10
lowest mortgage loan,firstbank,3
lowest mortgage loan,stanbicibtc,5
lowest mortgage loan,fcmb,6
lowest mortgage loan,gtbank,7
lowest mortgage loan,accessbank,8
best bank to borrow money,firstbank,1
best bank to borrow money,fidelitybank,3
best bank to borrow money,uba,4
best bank to borrow money,gtbank,5
best bank to borrow money,wema,6
best bank to borrow money,firstbank,8
best bank to borrow money,stanbicibtc,9
best banks to borrow money from,firstbank,1
best banks to borrow money from,uba,3
best banks to borrow money from,fidelitybank,4
best banks to borrow money from,gtbank,5
best banks to borrow money from,stanbicibtc,7
best banks to borrow money from,wema,8
best banks to borrow money from,accessbank,9
best bank loan with low interest,firstbank,1
best bank loan with low interest,gtbank,3
best bank loan with low interest,fidelitybank,4
best bank loan with low interest,uba,6
lowest interest rate on business loan,uba,1
lowest interest rate on business loan,gtbank,5
lowest interest rate on business loan,fidelitybank,6
bank with cheapest interest rates,firstbank,2
bank with cheapest interest rates,gtbank,8
easiest bank loan approval,firstbank,1
easiest bank loan approval,fidelitybank,4
easiest bank loan approval,uba,5
easiest bank loan approval,stanbicibtc,7
easiest bank loan approval,gtbank,8
easiest bank loan approval,wema,10
best online bank loans,firstbank,6
best online bank loans,uba,9
banks with lowest home loan rates,firstbank,3
banks with lowest home loan rates,stanbicibtc,7
banks with lowest home loan rates,fcmb,8
banks that offer wedding loans,firstbank,3
banks that offer wedding loans,stanbicibtc,6
banks that offer wedding loans,firstbank,7
banks that offer wedding loans,firstbank,10
good interest rate for loan,firstbank,1
good interest rate for loan,firstbank,9
best bank for instant personal loan,firstbank,1
best bank for instant personal loan,fidelitybank,3
best bank for instant personal loan,wema,4
best bank for instant personal loan,stanbicibtc,5
best bank for instant personal loan,gtbank,6
best bank for instant personal loan,uba,7
best bank for instant personal loan,accessbank,9
banks with best loan interest rates,firstbank,3
banks with best loan interest rates,uba,8
easiest bank loan to get,firstbank,1
easiest bank loan to get,fidelitybank,3
easiest bank loan to get,uba,4
easiest bank loan to get,stanbicibtc,5
easiest bank loan to get,gtbank,6
easiest bank loan to get,wema,7
easiest bank loan to get,fcmb,9
loan low interest rate bank,firstbank,1
loan low interest rate bank,fidelitybank,4
loan low interest rate bank,gtbank,5
loan low interest rate bank,uba,6
loan low interest rate bank,firstbank,7
loan low interest rate bank,accessbank,9
loan low interest rate bank,stanbicibtc,10
best bank to take loan,firstbank,1
best bank to take loan,gtbank,4
best bank to take loan,fidelitybank,5
best bank to take loan,uba,6
best bank to take loan,wema,7
best bank to take loan,stanbicibtc,8
best bank with low interest rates loan,firstbank,2
best bank with low interest rates loan,fidelitybank,4
best bank with low interest rates loan,gtbank,6
best bank with low interest rates loan,uba,7
low interest overdraft,firstbank,2
low interest overdraft,uba,3
low interest overdraft,gtbank,4
low interest overdraft,stanbicibtc,5
low interest overdraft,fcmb,8
lowest rate of interest,firstbank,4
low loan interest bank,firstbank,1
low loan interest bank,gtbank,4
low loan interest bank,fidelitybank,5
low loan interest bank,uba,6
low loan interest bank,accessbank,10
top up loan on personal loan,fidelitybank,1
top up loan on personal loan,firstbank,2
top up loan on personal loan,fcmb,3
top up loan on personal loan,wema,5
top up loan on personal loan,firstbank,7
top up loan on personal loan,uba,9
open an online bank account,firstbank,1
open an online bank account,gtbank,2
open an online bank account,uba,4
open an online bank account,fcmb,5
open an online bank account,fidelitybank,6
open an online bank account,zenithbank,7
open an online bank account,stanbicibtc,9
open bank account,firstbank,1
open bank account,gtbank,3
open bank account,uba,5
open bank account,keystonebank,6
open bank account,firstbank,7
open bank account,uba,9
open bank account,accessbank,10
open up a bank account online,firstbank,1
open up a bank account online,gtbank,3
open up a bank account online,fidelitybank,4
open up a bank account online,fcmb,5
open up a bank account online,stanbicibtc,6
open up a bank account online,uba,9
open up a bank account,firstbank,1
open up a bank account,gtbank,2
open up a bank account,fcmb,5
open up a bank account,firstbank,6
open up a bank account,fidelitybank,7
open up a bank account,uba,8
open up a bank account,stanbicibtc,9
making a bank account online,firstbank,1
making a bank account online,fcmb,3
making a bank account online,gtbank,4
making a bank account online,fidelitybank,5
making a bank account online,firstbank,6
making a bank account online,stanbicibtc,7
making a bank account online,uba,8
open zenith bank account,zenithbank,1
open zenith bank account,zenithbank,2
open zenith bank account,zenithbank,3
open zenith bank account,zenithbank,4
open zenith bank account,zenithbank,7
open a zenith bank account,zenithbank,1
open a zenith bank account,zenithbank,2
open a zenith bank account,zenithbank,3
open a zenith bank account,zenithbank,5
open a zenith bank account,zenithbank,7
open a business banking account,stanbicibtc,1
open a business banking account,firstbank,2
open a business banking account,accessbank,5
open a business banking account,wema,6
open a business banking account,gtbank,7
open a business banking account,unionbank,9
access bank open account,accessbank,1
access bank open account,accessbank,2
access bank open account,accessbank,3
access bank open account,accessbank,4
access bank open account,accessbank,5
access bank open account,zenithbank,6
access bank open account,accessbank,7
start bank account,firstbank,2
start bank account,gtbank,3
start bank account,fcmb,4
start bank account,firstbank,6
start bank account,fidelitybank,7
start bank account,uba,8
start bank account,stanbicibtc,9
open gtbank account online,gtbank,1
open gtbank account online,gtbank,2
open gtbank account online,gtbank,3
open gtbank account online,gtbank,4
open gtbank account online,gtbank,6
free bank account online,fcmb,1
free bank account online,firstbank,2
free bank account online,fidelitybank,5
free bank account online,gtbank,6
free bank account online,zenithbank,7
free bank account online,stanbicibtc,8
free bank account online,accessbank,9
free bank account online,uba,10
open first bank account online,firstbank,1
open first bank account online,firstbank,2
open first bank account online,firstbank,3
open first bank account online,firstbank,4
open first bank account online,fcmb,6
open first bank account online,firstbank,9
open first bank account online with bvn,firstbank,1
open first bank account online with bvn,firstbank,2
open first bank account online with bvn,firstbank,3
open first bank account online with bvn,firstbank,4
open first bank account online with bvn,fcmb,6
open first bank account online with bvn,gtbank,8
open access bank account,accessbank,1
open access bank account,accessbank,2
open access bank account,accessbank,3
open access bank account,stanbicibtc,4
open access bank account,zenithbank,5
open access bank account,firstbank,7
open access bank account,accessbank,8
open access bank account,fcmb,9
uba account opening online,uba,1
uba account opening online,uba,2
uba account opening online,uba,3
uba account opening online,uba,4
uba account opening online,uba,5
uba account opening online,uba,6
uba account opening online,uba,7
uba account opening online,uba,8
union bank account opening,unionbank,1
union bank account opening,unionbank,2
union bank account opening,unionbank,4
union bank account opening,unionbank,5
union bank account opening,unionbank,6
union bank account opening,unionbank,8
union bank account opening,unionbank,10
fcmb online account opening,fcmb,1
fcmb online account opening,fcmb,2
fcmb online account opening,fcmb,3
fcmb online account opening,fcmb,4
fcmb online account opening,fcmb,5
fcmb online account opening,fcmb,6
fcmb online account opening,fcmb,7
fcmb online account opening,fcmb,8
fcmb online account opening,fcmb,9
open business account online,stanbicibtc,1
open business account online,firstbank,2
open business account online,wema,3
open business account online,accessbank,5
open business account online,gtbank,8
open business account online,fidelitybank,9
open business account online,unionbank,10
open business bank account online,stanbicibtc,1
open business bank account online,firstbank,2
open business bank account online,wema,4
open business bank account online,accessbank,5
open business bank account online,gtbank,6
open business bank account online,fidelitybank,9
open business bank account online,providusbank,10
open a business checking account online,stanbicibtc,1
open a business checking account online,firstbank,2
open a business checking account online,wema,4
open a business checking account online,gtbank,6
open a business checking account online,fidelitybank,7
open a business checking account online,accessbank,9
apply for business account online,stanbicibtc,1
apply for business account online,firstbank,3
apply for business account online,accessbank,4
apply for business account online,wema,5
apply for business account online,gtbank,6
apply for business account online,uba,10
first bank open account,firstbank,1
first bank open account,firstbank,2
first bank open account,firstbank,3
first bank open account,firstbank,4
first bank open account,firstbank,6
first bank open account,firstbank,7
first bank open account,firstbank,8
first bank open account,firstbank,9
joint account banking,firstbank,1
joint account banking,providusbank,3
joint account banking,uba,4
joint account banking,uba,7
joint account banking,fcmb,8
joint account banking,fidelitybank,9
set up bank account,firstbank,2
set up bank account,gtbank,3
set up bank account,uba,4
set up bank account,keystonebank,5
set up bank account,firstbank,6
set up bank account,uba,8
access bank online account opening,accessbank,1
access bank online account opening,accessbank,2
access bank online account opening,accessbank,3
access bank online account opening,accessbank,4
access bank online account opening,accessbank,5
access bank online account opening,accessbank,6
access bank online account opening,accessbank,7
access bank online account opening,accessbank,8
open bank account online without bvn,fcmb,1
open bank account online without bvn,firstbank,2
open bank account online without bvn,gtbank,3
open bank account online without bvn,uba,4
open bank account online without bvn,zenithbank,6
open bank account online without bvn,accessbank,8
zenith bank online account opening,zenithbank,1
zenith bank online account opening,zenithbank,2
zenith bank online account opening,zenithbank,3
zenith bank online account opening,zenithbank,5
zenith bank online account opening,zenithbank,6
zenith bank online account opening,zenithbank,7
zenith bank online account opening,zenithbank,8
fidelity bank online account opening,fidelitybank,1
fidelity bank online account opening,fidelitybank,2
fidelity bank online account opening,fidelitybank,3
fidelity bank online account opening,fidelitybank,4
fidelity bank online account opening,fidelitybank,10
open a bank account online free,fcmb,1
open a bank account online free,firstbank,2
open a bank account online free,fidelitybank,4
open a bank account online free,gtbank,5
open a bank account online free,firstbank,6
open a bank account online free,uba,7
open a bank account online free,stanbicibtc,9
online account opening,firstbank,1
online account opening,fidelitybank,2
online account opening,stanbicibtc,4
online account opening,zenithbank,5
online account opening,firstbank,6
online account opening,gtbank,7
online account opening,uba,9
online account opening,fcmb,10
apply for bank account,firstbank,1
apply for bank account,gtbank,2
apply for bank account,fcmb,5
apply for bank account,fidelitybank,6
apply for bank account,uba,7
apply for bank account,stanbicibtc,8
apply for bank account,zenithbank,9
apply for bank account,firstbank,10
open free checking account online,fcmb,2
open free checking account online,fidelitybank,3
open free checking account online,firstbank,4
open free checking account online,gtbank,5
open free checking account online,stanbicibtc,6
open free checking account online,firstbank,8
open free checking account online,gtbank,10
open gtbank savings account online,gtbank,1
open gtbank savings account online,gtbank,2
open gtbank savings account online,gtbank,3
open gtbank savings account online,gtbank,4
open gtbank savings account online,gtbank,7
open wallet account without bvn,polarisbank,1
open wallet account without bvn,firstbank,2
open wallet account without bvn,fcmb,4
open wallet account without bvn,gtbank,6
open wallet account without bvn,accessbank,9
open business account,stanbicibtc,1
open business account,firstbank,2
open business account,accessbank,4
open business account,wema,6
open business account,gtbank,7
open business account,fidelitybank,9
access bank savings account opening,accessbank,1
access bank savings account opening,accessbank,2
access bank savings account opening,accessbank,3
access bank savings account opening,accessbank,4
access bank savings account opening,accessbank,5
access bank savings account opening,uba,8
access bank savings account opening,accessbank,9
access bank savings account opening,accessbank,10
zenith bank open account with bvn,zenithbank,1
zenith bank open account with bvn,zenithbank,2
zenith bank open account with bvn,zenithbank,4
zenith bank open account with bvn,zenithbank,5
zenith bank open account with bvn,zenithbank,6
zenith bank open account with bvn,zenithbank,7
zenith bank open account with bvn,zenithbank,9
open first bank account online without bvn,firstbank,1
open first bank account online without bvn,firstbank,2
open first bank account online without bvn,firstbank,4
open first bank account online without bvn,fcmb,6
open first bank account online without bvn,firstbank,7
open first bank account online without bvn,firstbank,8
checking account online,firstbank,1
checking account online,gtbank,3
checking account online,stanbicibtc,4
checking account online,fidelitybank,5
checking account online,fcmb,6
checking account online,uba,7
checking account online,accessbank,10
open bank online,firstbank,1
open bank online,gtbank,2
open bank online,unionbank,4
open bank online,fcmb,5
open bank online,keystonebank,6
open bank online,fidelitybank,7
open bank online,accessbank,8
open bank online,firstbank,9
open bank online,stanbicibtc,10
banks i can open online,gtbank,1
banks i can open online,firstbank,2
banks i can open online,fidelitybank,3
banks i can open online,fcmb,5
banks i can open online,stanbicibtc,6
banks i can open online,zenithbank,8
banks i can open online,uba,9
banks i can open online,unionbank,10
open us bank account online non resident,uba,5
zenith bank account opening online,zenithbank,1
zenith bank account opening online,zenithbank,2
zenith bank account opening online,zenithbank,3
zenith bank account opening online,zenithbank,5
zenith bank account opening online,zenithbank,6
zenith bank account opening online,zenithbank,7
zenith bank account opening online,zenithbank,8
open keystone bank account online,keystonebank,1
open keystone bank account online,keystonebank,2
open keystone bank account online,keystonebank,3
open keystone bank account online,keystonebank,6
open keystone bank account online,keystonebank,9
open checking,firstbank,1
open checking,gtbank,3
open checking,uba,5
open checking,keystonebank,6
open checking,fidelitybank,8
open checking,accessbank,9
open checking,stanbicibtc,10
union bank online account opening,unionbank,1
union bank online account opening,unionbank,2
union bank online account opening,unionbank,3
union bank online account opening,unionbank,4
union bank online account opening,unionbank,5
union bank online account opening,unionbank,6
access bank open account online,accessbank,1
access bank open account online,accessbank,2
access bank open account online,accessbank,3
access bank open account online,accessbank,4
access bank open account online,accessbank,5
access bank open account online,accessbank,6
access bank open account online,zenithbank,7
access bank open account online,accessbank,9
create access bank account,accessbank,1
create access bank account,accessbank,2
create access bank account,firstbank,6
create access bank account,gtbank,8
open uba savings account,uba,1
open uba savings account,uba,2
open uba savings account,uba,3
open uba savings account,uba,4
open uba savings account,uba,5
open uba savings account,uba,6
open uba savings account,uba,7
open uba savings account,uba,8
open uba savings account,uba,9
open uba savings account,uba,10
sterling bank account opening online,sterlingbank,5
sterling bank account opening online,sterlingbank,7
open sterling bank account online,sterlingbank,5
open sterling bank account online,sterlingbank,9
create bank account online,firstbank,1
create bank account online,fidelitybank,3
create bank account online,fcmb,4
create bank account online,gtbank,5
create bank account online,firstbank,6
create bank account online,stanbicibtc,7
create bank account online,zenithbank,8
create bank account online,uba,9
create bank account online,gtbank,10
bank accounts i can open online,gtbank,1
bank accounts i can open online,firstbank,2
bank accounts i can open online,fcmb,4
bank accounts i can open online,fidelitybank,5
bank accounts i can open online,uba,6
bank accounts i can open online,stanbicibtc,7
bank accounts i can open online,zenithbank,9
bank accounts i can open online,accessbank,10
sign up for bank account online,firstbank,1
sign up for bank account online,fidelitybank,3
sign up for bank account online,gtbank,4
sign up for bank account online,stanbicibtc,5
sign up for bank account online,fcmb,6
sign up for bank account online,zenithbank,7
sign up for bank account online,uba,9
sign up for bank account online,accessbank,10
open international bank account online free,firstbank,1
open international bank account online free,uba,2
open international bank account online free,gtbank,3
open international bank account online free,firstbank,5
open international bank account online free,fcmb,7
open international bank account online free,uba,8
open international bank account online free,fidelitybank,10
jaiz bank online account opening,jaizbank,1
jaiz bank online account opening,jaizbank,2
jaiz bank online account opening,jaizbank,3
jaiz bank online account opening,jaizbank,4
jaiz bank online account opening,jaizbank,5
jaiz bank online account opening,jaizbank,6
jaiz bank online account opening,jaizbank,7
jaiz bank online account opening,jaizbank,8
jaiz bank online account opening,jaizbank,9
create first bank account,firstbank,1
create first bank account,firstbank,2
create first bank account,firstbank,3
create first bank account,firstbank,6
create first bank account,fcmb,7
create first bank account,firstbank,8
create first bank account,firstbank,9
open checking account online instantly,gtbank,1
open checking account online instantly,fidelitybank,3
open checking account online instantly,stanbicibtc,4
open checking account online instantly,firstbank,5
open checking account online instantly,zenithbank,6
open checking account online instantly,fcmb,7
open checking account online instantly,firstbank,8
open checking account online instantly,accessbank,9
open checking account online instantly,uba,10
open us bank account online,firstbank,4
open us bank account online,uba,7
i want to open a bank account,gtbank,2
i want to open a bank account,firstbank,3
i want to open a bank account,uba,4
i want to open a bank account,unionbank,5
i want to open a bank account,keystonebank,6
i need to open a bank account,gtbank,1
i need to open a bank account,firstbank,2
i need to open a bank account,uba,3
i need to open a bank account,stanbicibtc,5
i need to open a bank account,fcmb,6
i need to open a bank account,fidelitybank,7
open international bank account online,firstbank,1
open international bank account online,uba,2
open international bank account online,gtbank,3
open international bank account online,stanbicibtc,5
open international bank account online,firstbank,6
open international bank account online,accessbank,8
open international bank account online,uba,9
open international bank account online,fidelitybank,10
bank opening,firstbank,1
bank opening,gtbank,2
bank opening,fidelitybank,6
bank opening,stanbicibtc,7
bank opening,keystonebank,8
bank opening,fcmb,9
bank opening,uba,10
union bank sign up,unionbank,1
union bank sign up,unionbank,2
union bank sign up,unionbank,5
union bank sign up,unionbank,7
union bank sign up,unionbank,10
sterling bank online account opening,sterlingbank,5
sterling bank online account opening,sterlingbank,10
open zenith bank account online without bvn,zenithbank,1
open zenith bank account online without bvn,zenithbank,3
open zenith bank account online without bvn,zenithbank,8
create zenith bank account,zenithbank,1
create zenith bank account,zenithbank,2
create zenith bank account,zenithbank,3
create zenith bank account,zenithbank,4
create zenith bank account,zenithbank,6
wema bank online account opening,wema,1
wema bank online account opening,wema,2
wema bank online account opening,wema,3
wema bank online account opening,wema,5
wema bank online account opening,wema,6
wema bank online account opening,wema,7
wema bank online account opening,wema,8
wema bank online account opening,wema,10
open account with zenith bank,zenithbank,1
open account with zenith bank,zenithbank,2
open account with zenith bank,zenithbank,4
open account with zenith bank,zenithbank,6
open account with zenith bank,zenithbank,7
i want to open access bank account,accessbank,1
i want to open access bank account,accessbank,2
i want to open access bank account,firstbank,3
i want to open access bank account,stanbicibtc,6
i want to open access bank account,accessbank,8
i want to open access bank account,uba,9
i want to open access bank account,firstbank,10
zenith online account opening,zenithbank,1
zenith online account opening,zenithbank,2
zenith online account opening,zenithbank,5
zenith online account opening,zenithbank,6
zenith online account opening,zenithbank,7
zenith online account opening,zenithbank,9
fcmb online business account opening,fcmb,1
fcmb online business account opening,fcmb,2
fcmb online business account opening,fcmb,3
fcmb online business account opening,fcmb,4
fcmb online business account opening,fcmb,5
fcmb online business account opening,fcmb,6
fcmb online business account opening,fcmb,7
fcmb online business account opening,fcmb,8
fcmb online business account opening,fcmb,9
fcmb online business account opening,fcmb,10
open a checking account online,firstbank,1
open a checking account online,gtbank,2
open a checking account online,fidelitybank,4
open a checking account online,stanbicibtc,5
open a checking account online,fcmb,6
open a checking account online,firstbank,7
open a checking account online,zenithbank,8
open a checking account online,uba,9
open a checking account online,gtbank,10
open a bank account with no deposit required,fcmb,1
open a bank account with no deposit required,firstbank,2
open a bank account with no deposit required,gtbank,3
open a bank account with no deposit required,uba,5
open a bank account with no deposit required,accessbank,6
open a bank account with no deposit required,fidelitybank,9
