Keyword,Bank Name Used,Rank Position,Competition,Competition Index,Search Volume,Bank Name,Year,Revenue_in billions,Source
access bank online account opening,accessbank,1,LOW,10,260,Access Bank Plc,2024.0,"NGN 4,878.00",https://accessholdingsplc.com/wp-content/uploads/2025/04/PRESS-RELEASE-ACCESS-HOLDINGS-FY-24-RESULTS.pdf
access bank open account,accessbank,1,LOW,12,880,Access Bank Plc,2024.0,"NGN 4,878.00",https://accessholdingsplc.com/wp-content/uploads/2025/04/PRESS-RELEASE-ACCESS-HOLDINGS-FY-24-RESULTS.pdf
access bank open account online,accessbank,1,LOW,10,90,Access Bank Plc,2024.0,"NGN 4,878.00",https://accessholdingsplc.com/wp-content/uploads/2025/04/PRESS-RELEASE-ACCESS-HOLDINGS-FY-24-RESULTS.pdf
access bank savings account opening,accessbank,1,LOW,10,140,Access Bank Plc,2024.0,"NGN 4,878.00",https://accessholdingsplc.com/wp-content/uploads/2025/04/PRESS-RELEASE-ACCESS-HOLDINGS-FY-24-RESULTS.pdf
apply for bank account,firstbank,1,MEDIUM,57,170,First Bank of Nigeria Limited,2024.0,"NGN 3,200.00",https://first-holdco.com/wp-content/uploads/2025/04/First-HoldCo-Plc_-FY-2024_-Results-Presentation_.pdf
apply for business account online,stanbicibtc,1,MEDIUM,35,320,Stanbic IBTC Bank Plc,2024.0,NGN 823.31,https://africanfinancials.com/document/ng-ibtc-2024-ar-00/
bank accounts i can open online,gtbank,1,LOW,21,70,Guaranty Trust Bank Limited,2024.0,NGN 467.85,https://gtbank-plc.files.svdcdn.com/production/financial-information/DECEMBER-2024-FULL-YEAR-INVESTOR-PRESENTATION_2025-04-01-051737_dnwl.pdf
bank loans with low interest rates,firstbank,1,LOW,32,10,First Bank of Nigeria Limited,2024.0,"NGN 3,200.00",https://first-holdco.com/wp-content/uploads/2025/04/First-HoldCo-Plc_-FY-2024_-Results-Presentation_.pdf
bank opening,firstbank,1,LOW,18,50,First Bank of Nigeria Limited,2024.0,"NGN 3,200.00",https://first-holdco.com/wp-content/uploads/2025/04/First-HoldCo-Plc_-FY-2024_-Results-Presentation_.pdf
bank with cheapest interest rates,firstbank,2,LOW,0,10,First Bank of Nigeria Limited,2024.0,"NGN 3,200.00",https://first-holdco.com/wp-content/uploads/2025/04/First-HoldCo-Plc_-FY-2024_-Results-Presentation_.pdf
banks i can open online,gtbank,1,MEDIUM,34,110,Guaranty Trust Bank Limited,2024.0,NGN 467.85,https://gtbank-plc.files.svdcdn.com/production/financial-information/DECEMBER-2024-FULL-YEAR-INVESTOR-PRESENTATION_2025-04-01-051737_dnwl.pdf
banks that give personal loans,firstbank,1,MEDIUM,64,10,First Bank of Nigeria Limited,2024.0,"NGN 3,200.00",https://first-holdco.com/wp-content/uploads/2025/04/First-HoldCo-Plc_-FY-2024_-Results-Presentation_.pdf
banks that have personal loans,firstbank,1,MEDIUM,64,10,First Bank of Nigeria Limited,2024.0,"NGN 3,200.00",https://first-holdco.com/wp-content/uploads/2025/04/First-HoldCo-Plc_-FY-2024_-Results-Presentation_.pdf
banks that offer loans,firstbank,1,HIGH,68,10,First Bank of Nigeria Limited,2024.0,"NGN 3,200.00",https://first-holdco.com/wp-content/uploads/2025/04/First-HoldCo-Plc_-FY-2024_-Results-Presentation_.pdf
banks that offer personal loans,firstbank,1,MEDIUM,64,10,First Bank of Nigeria Limited,2024.0,"NGN 3,200.00",https://first-holdco.com/wp-content/uploads/2025/04/First-HoldCo-Plc_-FY-2024_-Results-Presentation_.pdf
banks that offer wedding loans,firstbank,3,LOW,0,10,First Bank of Nigeria Limited,2024.0,"NGN 3,200.00",https://first-holdco.com/wp-content/uploads/2025/04/First-HoldCo-Plc_-FY-2024_-Results-Presentation_.pdf
banks that provide personal loans,firstbank,2,MEDIUM,64,10,First Bank of Nigeria Limited,2024.0,"NGN 3,200.00",https://first-holdco.com/wp-content/uploads/2025/04/First-HoldCo-Plc_-FY-2024_-Results-Presentation_.pdf
banks with best loan interest rates,firstbank,3,LOW,0,10,First Bank of Nigeria Limited,2024.0,"NGN 3,200.00",https://first-holdco.com/wp-content/uploads/2025/04/First-HoldCo-Plc_-FY-2024_-Results-Presentation_.pdf
banks with low interest rates,firstbank,3,LOW,2,10,First Bank of Nigeria Limited,2024.0,"NGN 3,200.00",https://first-holdco.com/wp-content/uploads/2025/04/First-HoldCo-Plc_-FY-2024_-Results-Presentation_.pdf
banks with lowest home loan rates,firstbank,3,LOW,0,10,First Bank of Nigeria Limited,2024.0,"NGN 3,200.00",https://first-holdco.com/wp-content/uploads/2025/04/First-HoldCo-Plc_-FY-2024_-Results-Presentation_.pdf
banks with lowest mortgage rates,stanbicibtc,7,LOW,0,10,Stanbic IBTC Bank Plc,2024.0,NGN 823.31,https://africanfinancials.com/document/ng-ibtc-2024-ar-00/
best bank business loans,fidelitybank,1,MEDIUM,63,10,Fidelity Bank Plc,2024.0,"NGN 1,043.40",https://www.fidelitybank.ng/documents/2024-Fidelity-Bank-Annual-Report.pdf
best bank for equity line of credit,stanbicibtc,1,LOW,0,10,Stanbic IBTC Bank Plc,2024.0,NGN 823.31,https://africanfinancials.com/document/ng-ibtc-2024-ar-00/
best bank for heloc,stanbicibtc,8,LOW,0,10,Stanbic IBTC Bank Plc,2024.0,NGN 823.31,https://africanfinancials.com/document/ng-ibtc-2024-ar-00/
best bank for home equity line of credit,stanbicibtc,2,LOW,0,10,Stanbic IBTC Bank Plc,2024.0,NGN 823.31,https://africanfinancials.com/document/ng-ibtc-2024-ar-00/
best bank for home loan,firstbank,2,LOW,0,10,First Bank of Nigeria Limited,2024.0,"NGN 3,200.00",https://first-holdco.com/wp-content/uploads/2025/04/First-HoldCo-Plc_-FY-2024_-Results-Presentation_.pdf
best bank for home mortgage,gtbank,5,LOW,0,10,Guaranty Trust Bank Limited,2024.0,NGN 467.85,https://gtbank-plc.files.svdcdn.com/production/financial-information/DECEMBER-2024-FULL-YEAR-INVESTOR-PRESENTATION_2025-04-01-051737_dnwl.pdf
best bank for house loans,firstbank,1,LOW,0,10,First Bank of Nigeria Limited,2024.0,"NGN 3,200.00",https://first-holdco.com/wp-content/uploads/2025/04/First-HoldCo-Plc_-FY-2024_-Results-Presentation_.pdf
best bank for instant personal loan,firstbank,1,HIGH,100,10,First Bank of Nigeria Limited,2024.0,"NGN 3,200.00",https://first-holdco.com/wp-content/uploads/2025/04/First-HoldCo-Plc_-FY-2024_-Results-Presentation_.pdf
best bank for mortgage,gtbank,6,LOW,0,10,Guaranty Trust Bank Limited,2024.0,NGN 467.85,https://gtbank-plc.files.svdcdn.com/production/financial-information/DECEMBER-2024-FULL-YEAR-INVESTOR-PRESENTATION_2025-04-01-051737_dnwl.pdf
best bank for mortgage loan,firstbank,5,LOW,0,10,First Bank of Nigeria Limited,2024.0,"NGN 3,200.00",https://first-holdco.com/wp-content/uploads/2025/04/First-HoldCo-Plc_-FY-2024_-Results-Presentation_.pdf
best bank for personal loans,firstbank,2,LOW,14,10,First Bank of Nigeria Limited,2024.0,"NGN 3,200.00",https://first-holdco.com/wp-content/uploads/2025/04/First-HoldCo-Plc_-FY-2024_-Results-Presentation_.pdf
best bank loan interest rates,firstbank,2,LOW,0,10,First Bank of Nigeria Limited,2024.0,"NGN 3,200.00",https://first-holdco.com/wp-content/uploads/2025/04/First-HoldCo-Plc_-FY-2024_-Results-Presentation_.pdf
best bank loan rates,firstbank,1,LOW,0,10,First Bank of Nigeria Limited,2024.0,"NGN 3,200.00",https://first-holdco.com/wp-content/uploads/2025/04/First-HoldCo-Plc_-FY-2024_-Results-Presentation_.pdf
best bank loan with low interest,firstbank,1,HIGH,86,10,First Bank of Nigeria Limited,2024.0,"NGN 3,200.00",https://first-holdco.com/wp-content/uploads/2025/04/First-HoldCo-Plc_-FY-2024_-Results-Presentation_.pdf
best bank loans,firstbank,1,MEDIUM,41,20,First Bank of Nigeria Limited,2024.0,"NGN 3,200.00",https://first-holdco.com/wp-content/uploads/2025/04/First-HoldCo-Plc_-FY-2024_-Results-Presentation_.pdf
best bank to borrow money,firstbank,1,HIGH,86,10,First Bank of Nigeria Limited,2024.0,"NGN 3,200.00",https://first-holdco.com/wp-content/uploads/2025/04/First-HoldCo-Plc_-FY-2024_-Results-Presentation_.pdf
best bank to borrow personal loan,firstbank,2,LOW,29,10,First Bank of Nigeria Limited,2024.0,"NGN 3,200.00",https://first-holdco.com/wp-content/uploads/2025/04/First-HoldCo-Plc_-FY-2024_-Results-Presentation_.pdf
best bank to get a home equity loan,firstbank,1,LOW,14,10,First Bank of Nigeria Limited,2024.0,"NGN 3,200.00",https://first-holdco.com/wp-content/uploads/2025/04/First-HoldCo-Plc_-FY-2024_-Results-Presentation_.pdf
best bank to get a loan,firstbank,1,MEDIUM,43,10,First Bank of Nigeria Limited,2024.0,"NGN 3,200.00",https://first-holdco.com/wp-content/uploads/2025/04/First-HoldCo-Plc_-FY-2024_-Results-Presentation_.pdf
best bank to get a loan from,firstbank,1,MEDIUM,57,10,First Bank of Nigeria Limited,2024.0,"NGN 3,200.00",https://first-holdco.com/wp-content/uploads/2025/04/First-HoldCo-Plc_-FY-2024_-Results-Presentation_.pdf
best bank to get a personal loan,firstbank,1,LOW,0,10,First Bank of Nigeria Limited,2024.0,"NGN 3,200.00",https://first-holdco.com/wp-content/uploads/2025/04/First-HoldCo-Plc_-FY-2024_-Results-Presentation_.pdf
best bank to take loan,firstbank,1,LOW,29,10,First Bank of Nigeria Limited,2024.0,"NGN 3,200.00",https://first-holdco.com/wp-content/uploads/2025/04/First-HoldCo-Plc_-FY-2024_-Results-Presentation_.pdf
best bank with low interest rate for personal loan,firstbank,2,LOW,0,10,First Bank of Nigeria Limited,2024.0,"NGN 3,200.00",https://first-holdco.com/wp-content/uploads/2025/04/First-HoldCo-Plc_-FY-2024_-Results-Presentation_.pdf
best bank with low interest rates loan,firstbank,2,LOW,0,10,First Bank of Nigeria Limited,2024.0,"NGN 3,200.00",https://first-holdco.com/wp-content/uploads/2025/04/First-HoldCo-Plc_-FY-2024_-Results-Presentation_.pdf
best banks to borrow money from,firstbank,1,HIGH,86,10,First Bank of Nigeria Limited,2024.0,"NGN 3,200.00",https://first-holdco.com/wp-content/uploads/2025/04/First-HoldCo-Plc_-FY-2024_-Results-Presentation_.pdf
best banks to get home equity loans,firstbank,2,LOW,14,10,First Bank of Nigeria Limited,2024.0,"NGN 3,200.00",https://first-holdco.com/wp-content/uploads/2025/04/First-HoldCo-Plc_-FY-2024_-Results-Presentation_.pdf
best business lenders,fcmb,7,HIGH,75,210,First City Monument Bank Limited,2024.0,NGN 794.80,https://techpoint.africa/news/fcmb-groups-gross-earnings-soars-53-9-in-2024/
best company for personal loans,uba,6,LOW,19,20,United Bank for Africa Plc,2024.0,"NGN 3,180.00",https://www.ubagroup.com/investors/financial-reports/
best home equity loan providers,stanbicibtc,3,LOW,14,10,Stanbic IBTC Bank Plc,2024.0,NGN 823.31,https://africanfinancials.com/document/ng-ibtc-2024-ar-00/
best home equity loans,stanbicibtc,1,LOW,7,260,Stanbic IBTC Bank Plc,2024.0,NGN 823.31,https://africanfinancials.com/document/ng-ibtc-2024-ar-00/
best home financing,firstbank,2,LOW,0,30,First Bank of Nigeria Limited,2024.0,"NGN 3,200.00",https://first-holdco.com/wp-content/uploads/2025/04/First-HoldCo-Plc_-FY-2024_-Results-Presentation_.pdf
best home mortgage companies,firstbank,5,LOW,0,30,First Bank of Nigeria Limited,2024.0,"NGN 3,200.00",https://first-holdco.com/wp-content/uploads/2025/04/First-HoldCo-Plc_-FY-2024_-Results-Presentation_.pdf
best home mortgage lenders,firstbank,5,LOW,0,30,First Bank of Nigeria Limited,2024.0,"NGN 3,200.00",https://first-holdco.com/wp-content/uploads/2025/04/First-HoldCo-Plc_-FY-2024_-Results-Presentation_.pdf
best lenders for business loans,fidelitybank,5,HIGH,75,210,Fidelity Bank Plc,2024.0,"NGN 1,043.40",https://www.fidelitybank.ng/documents/2024-Fidelity-Bank-Annual-Report.pdf
best lenders for small business loans,fidelitybank,2,LOW,0,30,Fidelity Bank Plc,2024.0,"NGN 1,043.40",https://www.fidelitybank.ng/documents/2024-Fidelity-Bank-Annual-Report.pdf
best loans for small businesses,fidelitybank,4,LOW,0,30,Fidelity Bank Plc,2024.0,"NGN 1,043.40",https://www.fidelitybank.ng/documents/2024-Fidelity-Bank-Annual-Report.pdf
best loans with no credit check,firstbank,3,HIGH,100,10,First Bank of Nigeria Limited,2024.0,"NGN 3,200.00",https://first-holdco.com/wp-content/uploads/2025/04/First-HoldCo-Plc_-FY-2024_-Results-Presentation_.pdf
best mortgage lenders for self employed,accessbank,3,LOW,0,10,Access Bank Plc,2024.0,"NGN 4,878.00",https://accessholdingsplc.com/wp-content/uploads/2025/04/PRESS-RELEASE-ACCESS-HOLDINGS-FY-24-RESULTS.pdf
best mortgage loan companies,firstbank,5,LOW,0,30,First Bank of Nigeria Limited,2024.0,"NGN 3,200.00",https://first-holdco.com/wp-content/uploads/2025/04/First-HoldCo-Plc_-FY-2024_-Results-Presentation_.pdf
best mortgage loans,gtbank,4,LOW,0,30,Guaranty Trust Bank Limited,2024.0,NGN 467.85,https://gtbank-plc.files.svdcdn.com/production/financial-information/DECEMBER-2024-FULL-YEAR-INVESTOR-PRESENTATION_2025-04-01-051737_dnwl.pdf
best online bank loans,firstbank,6,LOW,29,10,First Bank of Nigeria Limited,2024.0,"NGN 3,200.00",https://first-holdco.com/wp-content/uploads/2025/04/First-HoldCo-Plc_-FY-2024_-Results-Presentation_.pdf
best personal loans usa,firstbank,3,HIGH,67,10,First Bank of Nigeria Limited,2024.0,"NGN 3,200.00",https://first-holdco.com/wp-content/uploads/2025/04/First-HoldCo-Plc_-FY-2024_-Results-Presentation_.pdf
best place to get a business loan,fcmb,3,HIGH,81,10,First City Monument Bank Limited,2024.0,NGN 794.80,https://techpoint.africa/news/fcmb-groups-gross-earnings-soars-53-9-in-2024/
best place to get a mortgage loan,firstbank,4,LOW,14,10,First Bank of Nigeria Limited,2024.0,"NGN 3,200.00",https://first-holdco.com/wp-content/uploads/2025/04/First-HoldCo-Plc_-FY-2024_-Results-Presentation_.pdf
cheapest bank loans,firstbank,1,HIGH,67,10,First Bank of Nigeria Limited,2024.0,"NGN 3,200.00",https://first-holdco.com/wp-content/uploads/2025/04/First-HoldCo-Plc_-FY-2024_-Results-Presentation_.pdf
cheapest business loan interest rate,fidelitybank,3,HIGH,86,10,Fidelity Bank Plc,2024.0,"NGN 1,043.40",https://www.fidelitybank.ng/documents/2024-Fidelity-Bank-Annual-Report.pdf
cheapest business loans,fidelitybank,3,HIGH,86,10,Fidelity Bank Plc,2024.0,"NGN 1,043.40",https://www.fidelitybank.ng/documents/2024-Fidelity-Bank-Annual-Report.pdf
checking account online,firstbank,1,LOW,19,110,First Bank of Nigeria Limited,2024.0,"NGN 3,200.00",https://first-holdco.com/wp-content/uploads/2025/04/First-HoldCo-Plc_-FY-2024_-Results-Presentation_.pdf
create access bank account,accessbank,1,LOW,10,90,Access Bank Plc,2024.0,"NGN 4,878.00",https://accessholdingsplc.com/wp-content/uploads/2025/04/PRESS-RELEASE-ACCESS-HOLDINGS-FY-24-RESULTS.pdf
create bank account online,firstbank,1,MEDIUM,39,70,First Bank of Nigeria Limited,2024.0,"NGN 3,200.00",https://first-holdco.com/wp-content/uploads/2025/04/First-HoldCo-Plc_-FY-2024_-Results-Presentation_.pdf
create first bank account,firstbank,1,LOW,10,70,First Bank of Nigeria Limited,2024.0,"NGN 3,200.00",https://first-holdco.com/wp-content/uploads/2025/04/First-HoldCo-Plc_-FY-2024_-Results-Presentation_.pdf
create zenith bank account,zenithbank,1,LOW,14,50,Zenith Bank Plc,2024.0,"NGN 3,970.00",https://africanfinancials.com/document/ng-zenith-2024-ar-00/
easiest bank loan approval,firstbank,1,HIGH,86,10,First Bank of Nigeria Limited,2024.0,"NGN 3,200.00",https://first-holdco.com/wp-content/uploads/2025/04/First-HoldCo-Plc_-FY-2024_-Results-Presentation_.pdf
easiest bank loan to get,firstbank,1,HIGH,86,10,First Bank of Nigeria Limited,2024.0,"NGN 3,200.00",https://first-holdco.com/wp-content/uploads/2025/04/First-HoldCo-Plc_-FY-2024_-Results-Presentation_.pdf
fcmb online account opening,fcmb,1,LOW,11,390,First City Monument Bank Limited,2024.0,NGN 794.80,https://techpoint.africa/news/fcmb-groups-gross-earnings-soars-53-9-in-2024/
fcmb online business account opening,fcmb,1,LOW,7,50,First City Monument Bank Limited,2024.0,NGN 794.80,https://techpoint.africa/news/fcmb-groups-gross-earnings-soars-53-9-in-2024/
fidelity bank online account opening,fidelitybank,1,LOW,7,210,Fidelity Bank Plc,2024.0,"NGN 1,043.40",https://www.fidelitybank.ng/documents/2024-Fidelity-Bank-Annual-Report.pdf
first bank open account,firstbank,1,LOW,11,320,First Bank of Nigeria Limited,2024.0,"NGN 3,200.00",https://first-holdco.com/wp-content/uploads/2025/04/First-HoldCo-Plc_-FY-2024_-Results-Presentation_.pdf
free bank account online,fcmb,1,LOW,24,590,First City Monument Bank Limited,2024.0,NGN 794.80,https://techpoint.africa/news/fcmb-groups-gross-earnings-soars-53-9-in-2024/
good home mortgage lenders,firstbank,7,LOW,0,30,First Bank of Nigeria Limited,2024.0,"NGN 3,200.00",https://first-holdco.com/wp-content/uploads/2025/04/First-HoldCo-Plc_-FY-2024_-Results-Presentation_.pdf
good interest rate for loan,firstbank,1,MEDIUM,43,10,First Bank of Nigeria Limited,2024.0,"NGN 3,200.00",https://first-holdco.com/wp-content/uploads/2025/04/First-HoldCo-Plc_-FY-2024_-Results-Presentation_.pdf
good interest rate for personal loan,firstbank,1,HIGH,86,10,First Bank of Nigeria Limited,2024.0,"NGN 3,200.00",https://first-holdco.com/wp-content/uploads/2025/04/First-HoldCo-Plc_-FY-2024_-Results-Presentation_.pdf
good mortgage lenders,gtbank,10,LOW,0,30,Guaranty Trust Bank Limited,2024.0,NGN 467.85,https://gtbank-plc.files.svdcdn.com/production/financial-information/DECEMBER-2024-FULL-YEAR-INVESTOR-PRESENTATION_2025-04-01-051737_dnwl.pdf
great mortgage lenders,gtbank,7,LOW,0,30,Guaranty Trust Bank Limited,2024.0,NGN 467.85,https://gtbank-plc.files.svdcdn.com/production/financial-information/DECEMBER-2024-FULL-YEAR-INVESTOR-PRESENTATION_2025-04-01-051737_dnwl.pdf
i need to open a bank account,gtbank,1,LOW,27,50,Guaranty Trust Bank Limited,2024.0,NGN 467.85,https://gtbank-plc.files.svdcdn.com/production/financial-information/DECEMBER-2024-FULL-YEAR-INVESTOR-PRESENTATION_2025-04-01-051737_dnwl.pdf
i want to open a bank account,gtbank,2,LOW,27,50,Guaranty Trust Bank Limited,2024.0,NGN 467.85,https://gtbank-plc.files.svdcdn.com/production/financial-information/DECEMBER-2024-FULL-YEAR-INVESTOR-PRESENTATION_2025-04-01-051737_dnwl.pdf
i want to open access bank account,accessbank,1,LOW,18,50,Access Bank Plc,2024.0,"NGN 4,878.00",https://accessholdingsplc.com/wp-content/uploads/2025/04/PRESS-RELEASE-ACCESS-HOLDINGS-FY-24-RESULTS.pdf
jaiz bank online account opening,jaizbank,1,LOW,7,70,Jaiz Bank Plc,2024.0,NGN 82.87,https://africanfinancials.com/document/ng-jaizbank-2024-ar-00/
joint account banking,firstbank,1,LOW,0,320,First Bank of Nigeria Limited,2024.0,"NGN 3,200.00",https://first-holdco.com/wp-content/uploads/2025/04/First-HoldCo-Plc_-FY-2024_-Results-Presentation_.pdf
loan low interest rate bank,firstbank,1,LOW,14,10,First Bank of Nigeria Limited,2024.0,"NGN 3,200.00",https://first-holdco.com/wp-content/uploads/2025/04/First-HoldCo-Plc_-FY-2024_-Results-Presentation_.pdf
low interest bank loans,firstbank,1,HIGH,86,10,First Bank of Nigeria Limited,2024.0,"NGN 3,200.00",https://first-holdco.com/wp-content/uploads/2025/04/First-HoldCo-Plc_-FY-2024_-Results-Presentation_.pdf
low interest overdraft,firstbank,2,LOW,0,10,First Bank of Nigeria Limited,2024.0,"NGN 3,200.00",https://first-holdco.com/wp-content/uploads/2025/04/First-HoldCo-Plc_-FY-2024_-Results-Presentation_.pdf
low loan interest bank,firstbank,1,LOW,0,10,First Bank of Nigeria Limited,2024.0,"NGN 3,200.00",https://first-holdco.com/wp-content/uploads/2025/04/First-HoldCo-Plc_-FY-2024_-Results-Presentation_.pdf
lowest bank loan rates,firstbank,5,HIGH,79,70,First Bank of Nigeria Limited,2024.0,"NGN 3,200.00",https://first-holdco.com/wp-content/uploads/2025/04/First-HoldCo-Plc_-FY-2024_-Results-Presentation_.pdf
lowest housing loan interest rate,stanbicibtc,1,LOW,0,10,Stanbic IBTC Bank Plc,2024.0,NGN 823.31,https://africanfinancials.com/document/ng-ibtc-2024-ar-00/
lowest interest mortgage,stanbicibtc,5,LOW,0,10,Stanbic IBTC Bank Plc,2024.0,NGN 823.31,https://africanfinancials.com/document/ng-ibtc-2024-ar-00/
lowest interest rate home loan,stanbicibtc,1,LOW,0,10,Stanbic IBTC Bank Plc,2024.0,NGN 823.31,https://africanfinancials.com/document/ng-ibtc-2024-ar-00/
lowest interest rate mortgage,stanbicibtc,2,LOW,0,10,Stanbic IBTC Bank Plc,2024.0,NGN 823.31,https://africanfinancials.com/document/ng-ibtc-2024-ar-00/
lowest interest rate on business loan,uba,1,HIGH,86,10,United Bank for Africa Plc,2024.0,"NGN 3,180.00",https://www.ubagroup.com/investors/financial-reports/
lowest loan interest rate bank,firstbank,3,LOW,32,10,First Bank of Nigeria Limited,2024.0,"NGN 3,200.00",https://first-holdco.com/wp-content/uploads/2025/04/First-HoldCo-Plc_-FY-2024_-Results-Presentation_.pdf
lowest mortgage loan,firstbank,3,LOW,0,10,First Bank of Nigeria Limited,2024.0,"NGN 3,200.00",https://first-holdco.com/wp-content/uploads/2025/04/First-HoldCo-Plc_-FY-2024_-Results-Presentation_.pdf
lowest mortgage loan interest rate,firstbank,2,LOW,0,10,First Bank of Nigeria Limited,2024.0,"NGN 3,200.00",https://first-holdco.com/wp-content/uploads/2025/04/First-HoldCo-Plc_-FY-2024_-Results-Presentation_.pdf
lowest mortgage loan rates,stanbicibtc,2,LOW,0,10,Stanbic IBTC Bank Plc,2024.0,NGN 823.31,https://africanfinancials.com/document/ng-ibtc-2024-ar-00/
lowest mortgage rates,stanbicibtc,3,LOW,0,10,Stanbic IBTC Bank Plc,2024.0,NGN 823.31,https://africanfinancials.com/document/ng-ibtc-2024-ar-00/
lowest rate of interest,firstbank,4,LOW,4,10,First Bank of Nigeria Limited,2024.0,"NGN 3,200.00",https://first-holdco.com/wp-content/uploads/2025/04/First-HoldCo-Plc_-FY-2024_-Results-Presentation_.pdf
making a bank account online,firstbank,1,LOW,31,2400,First Bank of Nigeria Limited,2024.0,"NGN 3,200.00",https://first-holdco.com/wp-content/uploads/2025/04/First-HoldCo-Plc_-FY-2024_-Results-Presentation_.pdf
mortgage lenders with lowest interest rates,gtbank,6,LOW,0,10,Guaranty Trust Bank Limited,2024.0,NGN 467.85,https://gtbank-plc.files.svdcdn.com/production/financial-information/DECEMBER-2024-FULL-YEAR-INVESTOR-PRESENTATION_2025-04-01-051737_dnwl.pdf
mortgage loans best rates,firstbank,3,LOW,0,590,First Bank of Nigeria Limited,2024.0,"NGN 3,200.00",https://first-holdco.com/wp-content/uploads/2025/04/First-HoldCo-Plc_-FY-2024_-Results-Presentation_.pdf
online account opening,firstbank,1,LOW,31,170,First Bank of Nigeria Limited,2024.0,"NGN 3,200.00",https://first-holdco.com/wp-content/uploads/2025/04/First-HoldCo-Plc_-FY-2024_-Results-Presentation_.pdf
open a bank account online free,fcmb,1,LOW,31,170,First City Monument Bank Limited,2024.0,NGN 794.80,https://techpoint.africa/news/fcmb-groups-gross-earnings-soars-53-9-in-2024/
open a bank account with no deposit required,fcmb,1,LOW,29,40,First City Monument Bank Limited,2024.0,NGN 794.80,https://techpoint.africa/news/fcmb-groups-gross-earnings-soars-53-9-in-2024/
open a business banking account,stanbicibtc,1,MEDIUM,37,880,Stanbic IBTC Bank Plc,2024.0,NGN 823.31,https://africanfinancials.com/document/ng-ibtc-2024-ar-00/
open a business checking account online,stanbicibtc,1,MEDIUM,35,320,Stanbic IBTC Bank Plc,2024.0,NGN 823.31,https://africanfinancials.com/document/ng-ibtc-2024-ar-00/
open a checking account online,firstbank,1,LOW,30,40,First Bank of Nigeria Limited,2024.0,"NGN 3,200.00",https://first-holdco.com/wp-content/uploads/2025/04/First-HoldCo-Plc_-FY-2024_-Results-Presentation_.pdf
open a zenith bank account,zenithbank,1,LOW,13,1000,Zenith Bank Plc,2024.0,"NGN 3,970.00",https://africanfinancials.com/document/ng-zenith-2024-ar-00/
open access bank account,accessbank,1,LOW,15,480,Access Bank Plc,2024.0,"NGN 4,878.00",https://accessholdingsplc.com/wp-content/uploads/2025/04/PRESS-RELEASE-ACCESS-HOLDINGS-FY-24-RESULTS.pdf
open account with zenith bank,zenithbank,1,LOW,20,50,Zenith Bank Plc,2024.0,"NGN 3,970.00",https://africanfinancials.com/document/ng-zenith-2024-ar-00/
open an online bank account,firstbank,1,LOW,31,2400,First Bank of Nigeria Limited,2024.0,"NGN 3,200.00",https://first-holdco.com/wp-content/uploads/2025/04/First-HoldCo-Plc_-FY-2024_-Results-Presentation_.pdf
open bank account,firstbank,1,LOW,16,2400,First Bank of Nigeria Limited,2024.0,"NGN 3,200.00",https://first-holdco.com/wp-content/uploads/2025/04/First-HoldCo-Plc_-FY-2024_-Results-Presentation_.pdf
open bank account online without bvn,fcmb,1,LOW,22,260,First City Monument Bank Limited,2024.0,NGN 794.80,https://techpoint.africa/news/fcmb-groups-gross-earnings-soars-53-9-in-2024/
open bank online,firstbank,1,MEDIUM,34,110,First Bank of Nigeria Limited,2024.0,"NGN 3,200.00",https://first-holdco.com/wp-content/uploads/2025/04/First-HoldCo-Plc_-FY-2024_-Results-Presentation_.pdf
open business account,stanbicibtc,1,MEDIUM,56,140,Stanbic IBTC Bank Plc,2024.0,NGN 823.31,https://africanfinancials.com/document/ng-ibtc-2024-ar-00/
open business account online,stanbicibtc,1,MEDIUM,35,320,Stanbic IBTC Bank Plc,2024.0,NGN 823.31,https://africanfinancials.com/document/ng-ibtc-2024-ar-00/
open business bank account online,stanbicibtc,1,MEDIUM,35,320,Stanbic IBTC Bank Plc,2024.0,NGN 823.31,https://africanfinancials.com/document/ng-ibtc-2024-ar-00/
open checking,firstbank,1,LOW,0,90,First Bank of Nigeria Limited,2024.0,"NGN 3,200.00",https://first-holdco.com/wp-content/uploads/2025/04/First-HoldCo-Plc_-FY-2024_-Results-Presentation_.pdf
open checking account online instantly,gtbank,1,LOW,21,50,Guaranty Trust Bank Limited,2024.0,NGN 467.85,https://gtbank-plc.files.svdcdn.com/production/financial-information/DECEMBER-2024-FULL-YEAR-INVESTOR-PRESENTATION_2025-04-01-051737_dnwl.pdf
open first bank account online,firstbank,1,LOW,12,590,First Bank of Nigeria Limited,2024.0,"NGN 3,200.00",https://first-holdco.com/wp-content/uploads/2025/04/First-HoldCo-Plc_-FY-2024_-Results-Presentation_.pdf
open first bank account online with bvn,firstbank,1,LOW,13,590,First Bank of Nigeria Limited,2024.0,"NGN 3,200.00",https://first-holdco.com/wp-content/uploads/2025/04/First-HoldCo-Plc_-FY-2024_-Results-Presentation_.pdf
open first bank account online without bvn,firstbank,1,LOW,12,140,First Bank of Nigeria Limited,2024.0,"NGN 3,200.00",https://first-holdco.com/wp-content/uploads/2025/04/First-HoldCo-Plc_-FY-2024_-Results-Presentation_.pdf
open free checking account online,fcmb,2,LOW,31,170,First City Monument Bank Limited,2024.0,NGN 794.80,https://techpoint.africa/news/fcmb-groups-gross-earnings-soars-53-9-in-2024/
open gtbank account online,gtbank,1,LOW,10,720,Guaranty Trust Bank Limited,2024.0,NGN 467.85,https://gtbank-plc.files.svdcdn.com/production/financial-information/DECEMBER-2024-FULL-YEAR-INVESTOR-PRESENTATION_2025-04-01-051737_dnwl.pdf
open gtbank savings account online,gtbank,1,LOW,11,170,Guaranty Trust Bank Limited,2024.0,NGN 467.85,https://gtbank-plc.files.svdcdn.com/production/financial-information/DECEMBER-2024-FULL-YEAR-INVESTOR-PRESENTATION_2025-04-01-051737_dnwl.pdf
open international bank account online,firstbank,1,LOW,4,50,First Bank of Nigeria Limited,2024.0,"NGN 3,200.00",https://first-holdco.com/wp-content/uploads/2025/04/First-HoldCo-Plc_-FY-2024_-Results-Presentation_.pdf
open international bank account online free,firstbank,1,LOW,32,70,First Bank of Nigeria Limited,2024.0,"NGN 3,200.00",https://first-holdco.com/wp-content/uploads/2025/04/First-HoldCo-Plc_-FY-2024_-Results-Presentation_.pdf
open keystone bank account online,keystonebank,1,LOW,11,110,Keystone Bank Limited,,NGN 59.00,https://www.keystonebankng.com/about-us/?utm_source
open sterling bank account online,sterlingbank,5,LOW,7,90,Sterling Bank Plc,2024.0,NGN 337.19,https://africanfinancials.com/document/ng-sterln-2024-ar-00/
open uba savings account,uba,1,LOW,8,90,United Bank for Africa Plc,2024.0,"NGN 3,180.00",https://www.ubagroup.com/investors/financial-reports/
open up a bank account,firstbank,1,LOW,16,2400,First Bank of Nigeria Limited,2024.0,"NGN 3,200.00",https://first-holdco.com/wp-content/uploads/2025/04/First-HoldCo-Plc_-FY-2024_-Results-Presentation_.pdf
open up a bank account online,firstbank,1,LOW,31,2400,First Bank of Nigeria Limited,2024.0,"NGN 3,200.00",https://first-holdco.com/wp-content/uploads/2025/04/First-HoldCo-Plc_-FY-2024_-Results-Presentation_.pdf
open us bank account online,firstbank,4,MEDIUM,46,50,First Bank of Nigeria Limited,2024.0,"NGN 3,200.00",https://first-holdco.com/wp-content/uploads/2025/04/First-HoldCo-Plc_-FY-2024_-Results-Presentation_.pdf
open us bank account online non resident,uba,5,LOW,32,110,United Bank for Africa Plc,2024.0,"NGN 3,180.00",https://www.ubagroup.com/investors/financial-reports/
open wallet account without bvn,polarisbank,1,LOW,25,170,Polaris Bank Limited,2024.0,NGN 157.59,https://nairametrics.com/2024/09/23/polaris-bank-drives-impressive-profitability-with-operating-efficiency/
open zenith bank account,zenithbank,1,LOW,13,1000,Zenith Bank Plc,2024.0,"NGN 3,970.00",https://africanfinancials.com/document/ng-zenith-2024-ar-00/
open zenith bank account online without bvn,zenithbank,1,LOW,15,50,Zenith Bank Plc,2024.0,"NGN 3,970.00",https://africanfinancials.com/document/ng-zenith-2024-ar-00/
personal loan bank,firstbank,1,LOW,7,110,First Bank of Nigeria Limited,2024.0,"NGN 3,200.00",https://first-holdco.com/wp-content/uploads/2025/04/First-HoldCo-Plc_-FY-2024_-Results-Presentation_.pdf
personal loan lowest interest rate,firstbank,2,MEDIUM,47,140,First Bank of Nigeria Limited,2024.0,"NGN 3,200.00",https://first-holdco.com/wp-content/uploads/2025/04/First-HoldCo-Plc_-FY-2024_-Results-Presentation_.pdf
personal loan no credit check,firstbank,3,MEDIUM,46,90,First Bank of Nigeria Limited,2024.0,"NGN 3,200.00",https://first-holdco.com/wp-content/uploads/2025/04/First-HoldCo-Plc_-FY-2024_-Results-Presentation_.pdf
set up bank account,firstbank,2,LOW,5,260,First Bank of Nigeria Limited,2024.0,"NGN 3,200.00",https://first-holdco.com/wp-content/uploads/2025/04/First-HoldCo-Plc_-FY-2024_-Results-Presentation_.pdf
sign up for bank account online,firstbank,1,LOW,29,70,First Bank of Nigeria Limited,2024.0,"NGN 3,200.00",https://first-holdco.com/wp-content/uploads/2025/04/First-HoldCo-Plc_-FY-2024_-Results-Presentation_.pdf
start bank account,firstbank,2,MEDIUM,64,720,First Bank of Nigeria Limited,2024.0,"NGN 3,200.00",https://first-holdco.com/wp-content/uploads/2025/04/First-HoldCo-Plc_-FY-2024_-Results-Presentation_.pdf
sterling bank account opening online,sterlingbank,5,LOW,7,90,Sterling Bank Plc,2024.0,NGN 337.19,https://africanfinancials.com/document/ng-sterln-2024-ar-00/
sterling bank online account opening,sterlingbank,5,LOW,7,50,Sterling Bank Plc,2024.0,NGN 337.19,https://africanfinancials.com/document/ng-sterln-2024-ar-00/
the best mortgage loans,gtbank,5,LOW,0,10,Guaranty Trust Bank Limited,2024.0,NGN 467.85,https://gtbank-plc.files.svdcdn.com/production/financial-information/DECEMBER-2024-FULL-YEAR-INVESTOR-PRESENTATION_2025-04-01-051737_dnwl.pdf
top mortgage banks,firstbank,9,LOW,0,10,First Bank of Nigeria Limited,2024.0,"NGN 3,200.00",https://first-holdco.com/wp-content/uploads/2025/04/First-HoldCo-Plc_-FY-2024_-Results-Presentation_.pdf
top up loan on personal loan,fidelitybank,1,LOW,0,10,Fidelity Bank Plc,2024.0,"NGN 1,043.40",https://www.fidelitybank.ng/documents/2024-Fidelity-Bank-Annual-Report.pdf
uba account opening online,uba,1,LOW,11,480,United Bank for Africa Plc,2024.0,"NGN 3,180.00",https://www.ubagroup.com/investors/financial-reports/
union bank account opening,unionbank,1,LOW,9,390,Union Bank of Nigeria Plc,2024.0,NGN 333.00,https://www.unionbankng.com/june-2024-abridged-financial-statements-1/
union bank online account opening,unionbank,1,LOW,9,90,Union Bank of Nigeria Plc,2024.0,NGN 333.00,https://www.unionbankng.com/june-2024-abridged-financial-statements-1/
union bank sign up,unionbank,1,LOW,9,50,Union Bank of Nigeria Plc,2024.0,NGN 333.00,https://www.unionbankng.com/june-2024-abridged-financial-statements-1/
wema bank online account opening,wema,1,LOW,20,50,Wema Bank Plc,2024.0,NGN 430.26,https://proshare.co/articles/wema-bank-full-year-2024-report-higher-interest-and-non-interest-income-sustains-gross-earnings-rally?category=Stock+%26+Analyst+Updates&classification=Read&menu=Market
zenith bank account opening online,zenithbank,1,LOW,13,110,Zenith Bank Plc,2024.0,"NGN 3,970.00",https://africanfinancials.com/document/ng-zenith-2024-ar-00/
zenith bank online account opening,zenithbank,1,LOW,14,260,Zenith Bank Plc,2024.0,"NGN 3,970.00",https://africanfinancials.com/document/ng-zenith-2024-ar-00/
zenith bank open account with bvn,zenithbank,1,LOW,11,140,Zenith Bank Plc,2024.0,"NGN 3,970.00",https://africanfinancials.com/document/ng-zenith-2024-ar-00/
zenith online account opening,zenithbank,1,LOW,11,50,Zenith Bank Plc,2024.0,"NGN 3,970.00",https://africanfinancials.com/document/ng-zenith-2024-ar-00/
