Keyword Text,Competition,Competition Index,Search Volume
mortgage loans best rates,LOW,0,590
best home equity loans,LOW,7,260
best home equity loan lenders,LOW,7,260
best business lenders,HIGH,75,210
best lenders for business loans,HIGH,75,210
personal loan lowest interest rate,MEDIUM,47,140
personal loan bank,LOW,7,110
personal loan no credit check,MEDIUM,46,90
lowest bank loan rates,HIGH,79,70
best home mortgage lenders,LOW,0,30
best loans for small businesses,LOW,0,30
best mortgage loans,LOW,0,30
good mortgage lenders,LOW,0,30
best mortgage loan companies,LOW,0,30
best rated mortgage lenders,LOW,0,30
best lenders for small business loans,LOW,0,30
best home mortgage companies,LOW,0,30
best home financing,LOW,0,30
great mortgage lenders,LOW,0,30
good home mortgage lenders,LOW,0,30
best bank loans,MEDIUM,41,20
best online business loans,HIGH,90,20
best company for personal loans,LOW,19,20
lowest mortgage rates,LOW,0,10
lowest interest rate home loan,LOW,0,10
lowest interest rate mortgage,LOW,0,10
best bank for personal loans,LOW,14,10
banks that offer personal loans,MEDIUM,64,10
best bank for heloc,LOW,0,10
best place to get a business loan,HIGH,81,10
best bank for home loan,LOW,0,10
best bank for mortgage,LOW,0,10
best bank to get a personal loan,LOW,0,10
best bank for home equity line of credit,LOW,0,10
best place to get a mortgage loan,LOW,14,10
best mortgage lenders for self employed,LOW,0,10
banks that give personal loans,MEDIUM,64,10
banks with lowest mortgage rates,LOW,0,10
best bank for mortgage loan,LOW,0,10
cheapest business loans,HIGH,86,10
cheapest bank loans,HIGH,67,10
best bank to get a home equity loan,LOW,14,10
best bank for equity line of credit,LOW,0,10
banks with low interest rates,LOW,2,10
best bank loan rates,LOW,0,10
mortgage lenders with lowest interest rates,LOW,0,10
best home equity loan providers,LOW,14,10
best bank for home mortgage,LOW,0,10
good egg loan,LOW,11,10
low interest bank loans,HIGH,86,10
best bank to get a loan,MEDIUM,43,10
good interest rate for personal loan,HIGH,86,10
best loans with no credit check,HIGH,100,10
banks that offer loans,HIGH,68,10
wells fargo personal loan rate,LOW,0,10
the best mortgage company,LOW,0,10
best bank for house loans,LOW,0,10
best banks to get home equity loans,LOW,14,10
the best mortgage loans,LOW,0,10
best bank business loans,MEDIUM,63,10
best bank to get a loan from,MEDIUM,57,10
lowest interest mortgage,LOW,0,10
lowest housing loan interest rate,LOW,0,10
lowest mortgage loan rates,LOW,0,10
bank loans with low interest rates,LOW,32,10
lowest mortgage loan interest rate,LOW,0,10
lowest loan interest rate bank,LOW,32,10
banks that provide personal loans,MEDIUM,64,10
best personal loans usa,HIGH,67,10
cheapest business loan interest rate,HIGH,86,10
best bank to borrow personal loan,LOW,29,10
best bank with low interest rate for personal loan,LOW,0,10
best bank loan interest rates,LOW,0,10
top mortgage banks,LOW,0,10
banks that have personal loans,MEDIUM,64,10
lowest mortgage loan,LOW,0,10
best bank to borrow money,HIGH,86,10
best banks to borrow money from,HIGH,86,10
best bank loan with low interest,HIGH,86,10
lowest interest rate on business loan,HIGH,86,10
bank with cheapest interest rates,LOW,0,10
trusted online loan,LOW,29,10
easiest bank loan approval,HIGH,86,10
best online bank loans,LOW,29,10
banks with lowest home loan rates,LOW,0,10
banks that offer wedding loans,LOW,0,10
good interest rate for loan,MEDIUM,43,10
best bank for instant personal loan,HIGH,100,10
hdfc top up personal loan,LOW,0,10
banks with best loan interest rates,LOW,0,10
easiest bank loan to get,HIGH,86,10
loan low interest rate bank,LOW,14,10
best bank to take loan,LOW,29,10
best bank with low interest rates loan,LOW,0,10
low interest overdraft,LOW,0,10
lowest rate of interest,LOW,4,10
low loan interest bank,LOW,0,10
top up loan on personal loan,LOW,0,10
hdfc bank personal loan percentage,LOW,0,10
personal loan interest rates in hdfc bank,LOW,4,10
open an online bank account,LOW,31,2400
open bank account,LOW,16,2400
open up a bank account online,LOW,31,2400
open up a bank account,LOW,16,2400
making a bank account online,LOW,31,2400
open zenith bank account,LOW,13,1000
open a zenith bank account,LOW,13,1000
open a business banking account,MEDIUM,37,880
access bank open account,LOW,12,880
start bank account,MEDIUM,64,720
open gtbank account online,LOW,10,720
free bank account online,LOW,24,590
open first bank account online,LOW,12,590
open first bank account online with bvn,LOW,13,590
open access bank account,LOW,15,480
uba account opening online,LOW,11,480
union bank account opening,LOW,9,390
fcmb online account opening,LOW,11,390
open business account online,MEDIUM,35,320
open business bank account online,MEDIUM,35,320
open a business checking account online,MEDIUM,35,320
apply for business account online,MEDIUM,35,320
first bank open account,LOW,11,320
joint account banking,LOW,0,320
set up bank account,LOW,5,260
access bank online account opening,LOW,10,260
open bank account online without bvn,LOW,22,260
zenith bank online account opening,LOW,14,260
fidelity bank online account opening,LOW,7,210
open a bank account online free,LOW,31,170
online account opening,LOW,31,170
apply for bank account,MEDIUM,57,170
open free checking account online,LOW,31,170
open gtbank savings account online,LOW,11,170
open wallet account without bvn,LOW,25,170
open business account,MEDIUM,56,140
access bank savings account opening,LOW,10,140
zenith bank open account with bvn,LOW,11,140
open first bank account online without bvn,LOW,12,140
checking account online,LOW,19,110
open bank online,MEDIUM,34,110
banks i can open online,MEDIUM,34,110
open us bank account online non resident,LOW,32,110
open standard chartered bank account,LOW,4,110
standard chartered open account,LOW,4,110
zenith bank account opening online,LOW,13,110
open keystone bank account online,LOW,11,110
open checking,LOW,0,90
union bank online account opening,LOW,9,90
access bank open account online,LOW,10,90
create access bank account,LOW,10,90
open uba savings account,LOW,8,90
sterling bank account opening online,LOW,7,90
open sterling bank account online,LOW,7,90
create bank account online,MEDIUM,39,70
bank accounts i can open online,LOW,21,70
sign up for bank account online,LOW,29,70
chase bank sign up,LOW,5,70
create a chase bank account,LOW,2,70
open international bank account online free,LOW,32,70
wells fargo bank sign up,LOW,3,70
ecobank online account opening,LOW,3,70
jaiz bank online account opening,LOW,7,70
create first bank account,LOW,10,70
open checking account online instantly,LOW,21,50
open us bank account online,MEDIUM,46,50
open an account with wells fargo,LOW,3,50
i want to open a bank account,LOW,27,50
i need to open a bank account,LOW,27,50
us bank create account,LOW,30,50
open international bank account online,LOW,4,50
open account us bank,LOW,30,50
pnc bank account sign up,LOW,3,50
bank opening,LOW,18,50
union bank sign up,LOW,9,50
sterling bank online account opening,LOW,7,50
open zenith bank account online without bvn,LOW,15,50
create zenith bank account,LOW,14,50
wema bank online account opening,LOW,20,50
open account with zenith bank,LOW,20,50
i want to open access bank account,LOW,18,50
zenith online account opening,LOW,11,50
fcmb online business account opening,LOW,7,50
open a checking account online,LOW,30,40
open a bank account with no deposit required,LOW,29,40
open chase account online,LOW,6,40
apply for checking account online,LOW,30,40
open a chase bank account online,LOW,6,40
create chase bank account online,LOW,6,40
open chequing account online,LOW,30,40
start a checking account online,LOW,30,40
open checking online,LOW,30,40
open offshore bank account online free,LOW,6,40
savings account online open,LOW,22,40
open an access bank account,LOW,15,40
polaris bank online account opening,LOW,9,40
open gt bank account,LOW,12,40
easiest bank account to open online,LOW,28,30
open current account online,LOW,24,30
open a joint bank account,LOW,9,30
easy online bank account opening,LOW,28,30
ally bank sign up,LOW,28,30
open corporate bank account online,MEDIUM,48,30
open an international bank account,LOW,18,30
creating a joint bank account,LOW,9,30
opening up a joint bank account,LOW,9,30
open offshore bank account online,LOW,2,30
union bank saving account opening,LOW,0,30
create union bank account,LOW,13,30
union bank create account,LOW,13,30
application for bank account opening,LOW,12,30
open account with first bank,LOW,15,30
open account with access bank,LOW,22,30
stanbic bank account opening online,LOW,12,30
open zenith account,LOW,12,30
fidelity bank account opening online,LOW,3,30
open union bank savings account,LOW,0,30
unity bank online account opening,LOW,5,30
free online checking account,LOW,10,20
set up bank account online,MEDIUM,64,20
online bank account free no deposit,MEDIUM,36,20
easy banks to open online,MEDIUM,52,20
banks you can open online,LOW,28,20
open bank account online free no deposit,MEDIUM,43,20
open joint account online,LOW,27,20
open joint bank account online,LOW,27,20
open pnc bank account,LOW,4,20
bank accounts you can open online,LOW,22,20
td bank sign up,LOW,10,20
open wells fargo checking account,LOW,0,20
current account opening,LOW,8,20
open a bank,MEDIUM,40,20
open citibank account online,LOW,5,20
bank account sign up,LOW,0,20
free checking account online no deposit,MEDIUM,36,20
online bank checking account,LOW,2,20
free iban bank account online,MEDIUM,36,20
offshore bank account online,LOW,3,20
standard chartered bank account opening online,LOW,5,20
create current account,LOW,8,20
standard chartered online account opening,LOW,2,20
standard chartered account opening online,LOW,2,20
open uba bank account,LOW,9,20
sterling online account opening,LOW,10,20
open access bank account without bvn,LOW,12,20
create bvn online zenith bank,LOW,22,20
open gtbank account online without bvn,LOW,12,20
apply for bank account online,LOW,25,10
open a free business checking account online with no deposit,LOW,26,10
instant sign up bonus no deposit bank account,LOW,0,10
open free checking account,MEDIUM,57,10
banks that pay you to open an account instantly,LOW,0,10
free online bank account without id,LOW,27,10
open checking account online instantly no deposit required,LOW,3,10
free checking account no deposit,LOW,0,10
get a bank account online,HIGH,89,10
set up business bank account,HIGH,67,10
easiest bank account to open,LOW,14,10
banks with free checking accounts with no deposit,LOW,24,10
easy bank accounts to open online,MEDIUM,52,10
open td bank account online,LOW,20,10
open chase bank account online no deposit,LOW,16,10
open wells fargo account online,LOW,6,10
easiest bank account to open online free,LOW,16,10
open checking account online instantly with no deposit with overdraft,LOW,24,10
banks with no credit check to open account,LOW,5,10
free online checking account no opening deposit with overdraft,LOW,29,10
joint bank account online,LOW,0,10
start bank account online,LOW,0,10
opening a checking account,MEDIUM,35,10
citi bank open account,LOW,0,10
create a bank account,MEDIUM,34,10
online banks that pay you to open an account,HIGH,79,10
easiest bank account to open without id,LOW,14,10
open account td bank,LOW,0,10
banks to open checking account,LOW,14,10
bank account sign up bonus,LOW,0,10
citi bank open an account,LOW,0,10
free online checking account no opening deposit no credit check,LOW,1,10
open a free bank account,LOW,31,10
open a citibank account,MEDIUM,50,10
pnc bank open account online,LOW,2,10
open a canadian bank account online,HIGH,73,10
easiest online bank account to open,MEDIUM,52,10
easiest banks to open online,MEDIUM,38,10
easy banks to open,LOW,0,10
cit bank open account,LOW,0,10
sign up for online banking,LOW,33,10
open regions bank account,LOW,0,10
ally bank open account,LOW,1,10
create business bank account,HIGH,67,10
easy to open business bank account,MEDIUM,57,10
free banks to open online,MEDIUM,57,10
apply for chase bank account,MEDIUM,50,10
open free business account online,HIGH,86,10
get a business bank account,HIGH,71,10
wells fargo create online account,LOW,0,10
banks to open account,MEDIUM,34,10
open pnc checking account,LOW,0,10
td online banking sign up,LOW,0,10
joint account online,LOW,0,10
open citibank checking account,LOW,0,10
open bank account online wells fargo,LOW,6,10
open citibank checking account online,LOW,0,10
easiest checking account to open online,LOW,0,10
td bank create account,LOW,0,10
bank accounts to open,MEDIUM,34,10
create bank account online free,MEDIUM,57,10
mobile banks that pay you to open an account,MEDIUM,64,10
easiest bank to open online,MEDIUM,38,10
open student bank account online,LOW,29,10
open instant bank account,MEDIUM,47,10
open checking account chase,LOW,0,10
banks with no deposit to open,LOW,0,10
online banking no id required,MEDIUM,43,10
discover bank open account,LOW,0,10
online banks that don t require id,MEDIUM,39,10
open chase business account online,LOW,14,10
sign up bmo online banking,MEDIUM,36,10
open bank account online instantly,HIGH,71,10
banking sign up bonus,LOW,0,10
quick bank account opening,HIGH,71,10
pnc bank create account,LOW,2,10
open standard bank account online,LOW,32,10
need to open a bank account,LOW,26,10
online bank account application,LOW,0,10
open key bank account,LOW,14,10
fifth third bank sign up,LOW,0,10
m&t bank open account online,LOW,0,10
i want to open a bank account online,MEDIUM,57,10
regions bank sign up,LOW,14,10
open virtual bank account,HIGH,86,10
bank account application,LOW,0,10
open business account chase,LOW,0,10
open company bank account online,MEDIUM,36,10
union bank philippines open account online,LOW,0,10
bank account without credit check,LOW,4,10
us bank account for non residents online,MEDIUM,55,10
free checking account no minimum deposit,LOW,21,10
bank with free checking account,LOW,0,10
m&t bank sign up,LOW,0,10
open bank account online usa,MEDIUM,54,10
to open a bank account,LOW,29,10
ally bank create account,LOW,1,10
making a bank account,LOW,0,10
open tyme bank account,HIGH,79,10
fast bank account opening,HIGH,71,10
open another bank account,LOW,29,10
free checking no deposit,LOW,0,10
up bank sign up,LOW,0,10
chase online banking sign up,LOW,0,10
bank accounts for 13 year olds,LOW,21,10
free checking account no opening deposit,MEDIUM,38,10
open a trust bank account online,LOW,14,10
citi bank online account opening,LOW,4,10
wells fargo online banking sign up,LOW,0,10
open iban account online,MEDIUM,57,10
open ubank account online,LOW,14,10
open minor bank account online,LOW,0,10
a bank account,LOW,0,10
usaa bank sign up,MEDIUM,38,10
united bank online account opening,LOW,10,10
instant online account opening,HIGH,86,10
create a bank,LOW,4,10
open spanish bank account online,LOW,7,10
standard bank account opening,LOW,19,10
current bank account opening,LOW,20,10
virtual bank account opening,HIGH,71,10
online instant bank account opening,HIGH,71,10
open foreign bank account online,MEDIUM,64,10
standard chartered open bank account,LOW,0,10
open a union bank account online,LOW,18,10
family bank account opening online,LOW,0,10
santander opening account,LOW,0,10
ziraat bank open account online,LOW,5,10
all bank open account,LOW,29,10
raiffeisen bank open account online,LOW,0,10
summit bank online account opening,LOW,9,10
co operative bank account opening online,LOW,14,10
create kuda bank account,LOW,18,10
open kuda bank account online,LOW,30,10
stanbic bank online account opening,LOW,5,10
kina bank account opening online,LOW,1,10
kina bank online account opening,LOW,8,10
equity bank account opening online,LOW,0,10
open account online union bank,LOW,14,10
online bank account opening union bank,LOW,18,10
open zenith bank savings account,LOW,4,10
co operative bank online account opening,LOW,14,10
union online account opening,LOW,5,10
online open account union bank,LOW,0,10
union bank how to open account,LOW,0,10
open first bank student account online,LOW,7,10
open ecobank savings account online,LOW,6,10
stanbic online account opening,LOW,3,10
co operative bank account opening,LOW,0,10
taj bank online opening account,LOW,0,10
kcb bank account opening,LOW,0,10
sign up kuda bank,LOW,20,10
union bank account online opening,LOW,25,10
application for joint account,LOW,0,10
free offshore bank account no deposit,MEDIUM,43,10
nmb account opening,LOW,0,10
online account opening sterling bank,LOW,0,10
union bank apply debit card,LOW,14,10
high yield savings accounts,LOW,10,880
high yield interest savings account,LOW,10,880
high savings yield account,LOW,10,880
high yield deposit accounts,LOW,10,880
yield savings high,LOW,10,880
high interest savings account,LOW,10,390
highest interest rate savings account,LOW,10,390
high interest deposit account,LOW,10,390
hysa account,LOW,14,320
savings accounts interest rates,LOW,2,170
best savings interest rate,LOW,0,140
best rate on savings,LOW,0,140
savings highest rate,LOW,0,140
hysa,LOW,1,90
interest savings account,LOW,0,70
best savings account interest rates,LOW,0,50
high yield savings,LOW,14,50
american express savings account,LOW,2,50
banks with highest interest rates,LOW,10,50
highest savings interest rates,LOW,0,50
high interest accounts,LOW,0,50
top high yield savings,LOW,14,50
highest high yield savings,LOW,14,50
high yield interest savings,LOW,14,50
best savings yield,LOW,14,50
american express bank savings account,LOW,2,50
top interest rate savings,LOW,0,50
access bank high interest deposit account,LOW,0,50
best money market account rates,LOW,1,40
highest rate money market,LOW,1,40
bank with the best savings account,LOW,4,40
best high yield savings account,LOW,0,30
best interest savings account,LOW,0,30
best yield savings account,LOW,0,30
top interest savings accounts,LOW,0,30
fidelity high yield savings account rate,LOW,0,30
high interest rates,LOW,2,30
high interest savings account usa,LOW,0,30
compound interest savings accounts,LOW,1,30
highest bank savings,LOW,1,30
american express savings,LOW,8,20
best online savings account,LOW,22,20
american express high yield savings,LOW,6,20
best hysa,LOW,0,20
high interest savings,LOW,1,20
high interest bank accounts,LOW,24,20
best online banks for savings,LOW,22,20
best online savings,LOW,22,20
banks with highest savings interest rates,LOW,1,20
fidelity high yield savings account,LOW,0,20
best bank savings interest rates,LOW,1,20
high interest,LOW,1,20
best online banking savings account,LOW,22,20
top rated online savings accounts,LOW,22,20
banks with savings interest rates,LOW,0,20
amex express savings,LOW,8,20
fidelity bank high yield savings account,LOW,0,20
high yield savings account rates,LOW,14,10
capital one high yield savings,LOW,0,10
best high interest savings account,LOW,0,10
amex high yield savings,LOW,0,10
highest savings account rates,LOW,0,10
discover high yield savings,LOW,0,10
highest apy savings account,LOW,0,10
cit bank high yield savings,LOW,0,10
best apy savings account,LOW,0,10
hysa rates,LOW,0,10
amex hysa,LOW,0,10
capital one high yield savings account,LOW,0,10
synchrony high yield savings,LOW,0,10
synchrony bank high yield savings,LOW,0,10
apple high yield savings account,LOW,0,10
marcus savings rate,LOW,0,10
citibank savings account interest rate,LOW,0,10
highest savings rates,LOW,0,10
high yield online savings account,LOW,14,10
high savings account,LOW,0,10
best online savings account rates,MEDIUM,57,10
banks with high yield savings accounts,LOW,0,10
high yield business savings account,HIGH,71,10
amex savings rate,LOW,0,10
american express high yield savings account,LOW,1,10
highest high yield savings account,LOW,0,10
apple high yield savings,HIGH,100,10
high interest money market accounts,LOW,0,10
barclays high yield savings,LOW,0,10
american express hysa,LOW,0,10
citi savings account interest rate,LOW,0,10
wells fargo high yield savings,LOW,0,10
high yield savings rates,LOW,0,10
laurel road high yield savings,LOW,0,10
high yield accounts,LOW,0,10
american express savings rate,LOW,0,10
online banks with high interest rates,LOW,0,10
the best high yield savings account,LOW,14,10
amex high yield savings account,LOW,0,10
best online bank interest rates,LOW,0,10
high interest business savings account,LOW,7,10
hys account,LOW,0,10
ufb direct high yield savings,LOW,0,10
highest apy,LOW,0,10
banks paying highest interest,LOW,0,10
high yield savings account near me,MEDIUM,36,10
yield savings account,LOW,29,10
banks with high interest savings accounts,LOW,6,10
online savings account interest rate,LOW,0,10
best savings apy,LOW,0,10
high earning savings accounts,LOW,0,10
best interest accounts,LOW,0,10
best online interest rates,HIGH,100,10
ufb direct savings account,LOW,0,10
highest apy savings,LOW,0,10
american express high yield,LOW,0,10
best rate for savings account,LOW,0,10
current high yield savings rates,LOW,0,10
american express savings account interest rate,LOW,0,10
citi bank high yield savings,LOW,0,10
synchrony bank savings account,LOW,0,10
discover bank high yield savings,LOW,0,10
high yield savings account interest rate,LOW,0,10
compare high yield savings accounts,LOW,0,10
wells fargo high yield savings account,LOW,0,10
high yield certificate of deposit,LOW,29,10
citi accelerate savings rate,LOW,0,10
banks with highest savings rates,LOW,0,10
banks with high apy,LOW,0,10
american express savings bank,LOW,0,10
best bank for high yield savings account,LOW,5,10
top savings account interest rates,LOW,9,10
high yield online savings,LOW,14,10
best interest earning accounts,LOW,0,10
fidelity hysa,LOW,0,10
amex high yield,LOW,0,10
high interest rate accounts,LOW,7,10
best daily compound interest accounts,LOW,0,10
chime high yield savings,LOW,0,10
online savings interest rates,LOW,0,10
best banks with high yield savings accounts,LOW,14,10
high yield interest rates,LOW,0,10
high yield savings account reddit,LOW,0,10
high interest banks,LOW,2,10
best bank savings account interest rate,LOW,5,10
highest money market accounts,LOW,2,10
vio bank high yield savings,LOW,0,10
high yield cd's,LOW,29,10
bank interest rates for savings account,LOW,1,10
bank of america interest rates savings,LOW,0,10
high yield interest,LOW,0,10
opening a high yield savings account,LOW,19,10
best interest paying savings accounts,LOW,29,10
capital one bank high yield savings,LOW,0,10
hysa interest rates,LOW,0,10
banks offering high interest rates,MEDIUM,43,10
high percentage savings account,LOW,0,10
bank rate savings,LOW,0,10
hysa bonus,LOW,0,10
apple high yield savings accounts,LOW,0,10
high interest money market,LOW,0,10
highest paying interest savings account,LOW,29,10
high yield savings account usa,LOW,0,10
marcus account interest rate,LOW,0,10
best bank apy,LOW,0,10
best interest bank account,LOW,14,10
top 10 high yield savings account,LOW,0,10
penfed high yield savings,LOW,0,10
amex savings account interest rate,LOW,0,10
list of high yield savings accounts,LOW,4,10
best high interest bank accounts,LOW,0,10
amex saving rate,LOW,0,10
capital one savings account high yield,LOW,0,10
allied bank high yield savings,LOW,0,10
axos high yield savings,LOW,0,10
vio bank interest rate,LOW,0,10
best bank with high interest rate,LOW,7,10
highest savings,LOW,0,10
interest rate savings,LOW,0,10
banks paying the highest interest rates,LOW,5,10
good savings account interest rate,LOW,9,10
barclays hysa,HIGH,71,10
bank rate savings accounts,LOW,0,10
customers bank high yield savings,LOW,0,10
hysa banks,LOW,0,10
best interest money market accounts,LOW,0,10
synchrony high yield,LOW,0,10
best return savings account,LOW,14,10
high interest rate money market accounts,LOW,0,10
highest online interest rates,HIGH,100,10
best bank for interest on savings,MEDIUM,50,10
alliant hysa,LOW,0,10
a high yield savings account,LOW,0,10
interest yielding savings account,LOW,14,10
synchrony bank hys,LOW,0,10
best interest rates money market,MEDIUM,48,10
accounts with best interest rates,MEDIUM,43,10
barclays bank high yield savings,LOW,0,10
amex yield savings,LOW,0,10
interest earning accounts,LOW,29,10
best banks for high interest savings,LOW,0,10
best bank for savings,LOW,1,30
best bank for saving money,LOW,1,30
high yield savings american express,LOW,6,20
amex savings high yield,LOW,6,20
best savings,LOW,0,10
chase bank high yield savings,LOW,0,10
best online bank for savings,MEDIUM,57,10
best bank interest,LOW,0,10
interest on savings,LOW,0,10
high interest bank,LOW,2,10
high interest savings bank,LOW,4,10
synchrony bank high yield,LOW,0,10
best online bank with high interest,LOW,29,10
high yield savings cd,LOW,0,10
savings yield,LOW,0,10
highest interest paying bank,LOW,0,10
high saving,LOW,0,10
yield savings,LOW,0,10
high yield interest cd,LOW,0,10
top online savings,HIGH,86,10
highest bank savings interest,MEDIUM,50,10
bank interest on savings,MEDIUM,36,10
highest certificate of deposit,LOW,0,10
first bank high yield savings,LOW,0,10
high interest deposit,LOW,4,10
high yield certificate of deposit cd,LOW,29,10
top savings bank,LOW,0,10
yield bank,LOW,0,10
latest fd rates,LOW,3,10
latest fixed deposit rates,LOW,3,10
latest fd interest rates,LOW,3,10
latest fixed deposit interest rates,LOW,3,10
high interest savings account in nigeria,LOW,7,170
high yield savings account in nigeria,LOW,9,170
savings interest rates in nigeria,LOW,0,50
interest on savings account in nigeria,LOW,2,40
bank loan interest rate in nigeria,LOW,1,170
gtb loan interest rate in nigeria,LOW,0,140
first bank loan interest rate in nigeria,LOW,0,50
mortgage rate in nigeria,LOW,0,30
access bank loan interest rate in nigeria,LOW,0,20
commercial bank loan interest rate in nigeria,LOW,0,20
loan interest rate in nigeria banks,LOW,1,20
mortgage interest rate in nigeria,LOW,0,20
mortgage loan interest rate in nigeria,LOW,3,20
nigeria bank loan interest rate,LOW,2,20
interest rate for loans in nigeria,LOW,3,10
loan interest rates in nigeria,LOW,3,10
