Keyword ,Competition,Competition Index,Search Volume
mortgage loans best rates,LOW,0,590
best home equity loans,LOW,7,260
best business lenders,HIGH,75,210
best lenders for business loans,HIGH,75,210
personal loan lowest interest rate,MEDIUM,47,140
personal loan bank,LOW,7,110
personal loan no credit check,MEDIUM,46,90
lowest bank loan rates,HIGH,79,70
best home mortgage lenders,LOW,0,30
best loans for small businesses,LOW,0,30
best mortgage loans,LOW,0,30
good mortgage lenders,LOW,0,30
best mortgage loan companies,LOW,0,30
best lenders for small business loans,LOW,0,30
best home mortgage companies,LOW,0,30
best home financing,LOW,0,30
great mortgage lenders,LOW,0,30
good home mortgage lenders,LOW,0,30
best bank loans,MEDIUM,41,20
best company for personal loans,LOW,19,20
lowest mortgage rates,LOW,0,10
lowest interest rate home loan,LOW,0,10
lowest interest rate mortgage,LOW,0,10
best bank for personal loans,LOW,14,10
banks that offer personal loans,MEDIUM,64,10
best bank for heloc,LOW,0,10
best place to get a business loan,HIGH,81,10
best bank for home loan,LOW,0,10
best bank for mortgage,LOW,0,10
best bank to get a personal loan,LOW,0,10
best bank for home equity line of credit,LOW,0,10
best place to get a mortgage loan,LOW,14,10
best mortgage lenders for self employed,LOW,0,10
banks that give personal loans,MEDIUM,64,10
banks with lowest mortgage rates,LOW,0,10
best bank for mortgage loan,LOW,0,10
cheapest business loans,HIGH,86,10
cheapest bank loans,HIGH,67,10
best bank to get a home equity loan,LOW,14,10
best bank for equity line of credit,LOW,0,10
banks with low interest rates,LOW,2,10
best bank loan rates,LOW,0,10
mortgage lenders with lowest interest rates,LOW,0,10
best home equity loan providers,LOW,14,10
best bank for home mortgage,LOW,0,10
low interest bank loans,HIGH,86,10
best bank to get a loan,MEDIUM,43,10
good interest rate for personal loan,HIGH,86,10
best loans with no credit check,HIGH,100,10
banks that offer loans,HIGH,68,10
best bank for house loans,LOW,0,10
best banks to get home equity loans,LOW,14,10
the best mortgage loans,LOW,0,10
best bank business loans,MEDIUM,63,10
best bank to get a loan from,MEDIUM,57,10
lowest interest mortgage,LOW,0,10
lowest housing loan interest rate,LOW,0,10
lowest mortgage loan rates,LOW,0,10
bank loans with low interest rates,LOW,32,10
lowest mortgage loan interest rate,LOW,0,10
lowest loan interest rate bank,LOW,32,10
banks that provide personal loans,MEDIUM,64,10
best personal loans usa,HIGH,67,10
cheapest business loan interest rate,HIGH,86,10
best bank to borrow personal loan,LOW,29,10
best bank with low interest rate for personal loan,LOW,0,10
best bank loan interest rates,LOW,0,10
top mortgage banks,LOW,0,10
banks that have personal loans,MEDIUM,64,10
lowest mortgage loan,LOW,0,10
best bank to borrow money,HIGH,86,10
best banks to borrow money from,HIGH,86,10
best bank loan with low interest,HIGH,86,10
lowest interest rate on business loan,HIGH,86,10
bank with cheapest interest rates,LOW,0,10
easiest bank loan approval,HIGH,86,10
best online bank loans,LOW,29,10
banks with lowest home loan rates,LOW,0,10
banks that offer wedding loans,LOW,0,10
good interest rate for loan,MEDIUM,43,10
best bank for instant personal loan,HIGH,100,10
banks with best loan interest rates,LOW,0,10
easiest bank loan to get,HIGH,86,10
loan low interest rate bank,LOW,14,10
best bank to take loan,LOW,29,10
best bank with low interest rates loan,LOW,0,10
low interest overdraft,LOW,0,10
lowest rate of interest,LOW,4,10
low loan interest bank,LOW,0,10
top up loan on personal loan,LOW,0,10
open an online bank account,LOW,31,2400
open bank account,LOW,16,2400
open up a bank account online,LOW,31,2400
open up a bank account,LOW,16,2400
making a bank account online,LOW,31,2400
open zenith bank account,LOW,13,1000
open a zenith bank account,LOW,13,1000
open a business banking account,MEDIUM,37,880
access bank open account,LOW,12,880
start bank account,MEDIUM,64,720
open gtbank account online,LOW,10,720
free bank account online,LOW,24,590
open first bank account online,LOW,12,590
open first bank account online with bvn,LOW,13,590
open access bank account,LOW,15,480
uba account opening online,LOW,11,480
union bank account opening,LOW,9,390
fcmb online account opening,LOW,11,390
open business account online,MEDIUM,35,320
open business bank account online,MEDIUM,35,320
open a business checking account online,MEDIUM,35,320
apply for business account online,MEDIUM,35,320
first bank open account,LOW,11,320
joint account banking,LOW,0,320
set up bank account,LOW,5,260
access bank online account opening,LOW,10,260
open bank account online without bvn,LOW,22,260
zenith bank online account opening,LOW,14,260
fidelity bank online account opening,LOW,7,210
open a bank account online free,LOW,31,170
online account opening,LOW,31,170
apply for bank account,MEDIUM,57,170
open free checking account online,LOW,31,170
open gtbank savings account online,LOW,11,170
open wallet account without bvn,LOW,25,170
open business account,MEDIUM,56,140
access bank savings account opening,LOW,10,140
zenith bank open account with bvn,LOW,11,140
open first bank account online without bvn,LOW,12,140
checking account online,LOW,19,110
open bank online,MEDIUM,34,110
banks i can open online,MEDIUM,34,110
open us bank account online non resident,LOW,32,110
zenith bank account opening online,LOW,13,110
open keystone bank account online,LOW,11,110
open checking,LOW,0,90
union bank online account opening,LOW,9,90
access bank open account online,LOW,10,90
create access bank account,LOW,10,90
open uba savings account,LOW,8,90
sterling bank account opening online,LOW,7,90
open sterling bank account online,LOW,7,90
create bank account online,MEDIUM,39,70
bank accounts i can open online,LOW,21,70
sign up for bank account online,LOW,29,70
open international bank account online free,LOW,32,70
jaiz bank online account opening,LOW,7,70
create first bank account,LOW,10,70
open checking account online instantly,LOW,21,50
open us bank account online,MEDIUM,46,50
i want to open a bank account,LOW,27,50
i need to open a bank account,LOW,27,50
open international bank account online,LOW,4,50
bank opening,LOW,18,50
union bank sign up,LOW,9,50
sterling bank online account opening,LOW,7,50
open zenith bank account online without bvn,LOW,15,50
create zenith bank account,LOW,14,50
wema bank online account opening,LOW,20,50
open account with zenith bank,LOW,20,50
i want to open access bank account,LOW,18,50
zenith online account opening,LOW,11,50
fcmb online business account opening,LOW,7,50
open a checking account online,LOW,30,40
open a bank account with no deposit required,LOW,29,40
