Date,"Total enabled membership","Enabled full members","Enabled guests","Daily active people","Daily people posting messages","Weekly active people","Weekly people posting messages","Messages in public channels","Messages in private channels","Messages in shared channels","Messages in DMs","Percentage of messages, public channels","Percentage of messages, private channels","Percentage of messages, DMs","Percentage of views, public channels","Percentage of views, private channels","Percentage of views, DMs","Total full members","Total guests","Total members","Total claimed full members","Total claimed guests","Total claimed members","Files uploaded","Messages posted by members","Public channels, single-workspace","Messages posted","Messages posted by apps","Monthly active people","Monthly people posting messages"
2025-10-15,6731,6731,0,6030,3802,6113,3909,11599,7967,0,9141,0.404,0.2775,0.3184,0.7544,0.191,0.0546,6735,0,6735,6731,0,6731,497,28707,43,40157,3,6125,3927
2025-10-16,10049,10049,0,7063,3457,9102,5840,10052,10195,0,16443,0.274,0.2779,0.4482,0.6347,0.2497,0.1156,10058,0,10058,10049,0,10049,778,36690,44,45960,3,9115,5852
2025-10-17,11369,11369,0,6310,2955,10405,6854,7309,11903,0,17350,0.1999,0.3256,0.4745,0.4617,0.3867,0.1516,11411,0,11411,11369,0,11369,936,36562,45,72528,2,10417,6864
2025-10-18,12064,12064,0,5104,2575,11029,7415,6786,15588,0,15448,0.1794,0.4121,0.4084,0.3672,0.5247,0.1082,12125,0,12125,12064,0,12064,847,37822,46,42516,1,11042,7424
2025-10-19,12330,12330,0,4621,2364,11314,7747,3924,12435,0,16186,0.1206,0.3821,0.4973,0.3837,0.4463,0.17,12391,0,12391,12330,0,12330,663,32545,47,35488,0,11328,7756
2025-10-20,12355,12355,0,5267,2729,11443,7967,4245,14550,0,29583,0.0877,0.3008,0.6115,0.3881,0.4021,0.2099,12416,0,12416,12355,0,12355,1144,48378,47,50807,0,11469,7982
2025-10-21,12371,12371,0,4315,2347,11478,8092,3624,14239,0,25969,0.0827,0.3249,0.5925,0.351,0.4155,0.2335,12438,0,12438,12371,0,12371,1184,43832,49,47434,74,11522,8146
2025-10-22,12389,12389,0,4331,2489,10574,6951,3028,10585,0,28296,0.0723,0.2526,0.6752,0.356,0.3907,0.2533,12452,0,12452,12389,0,12389,1727,41909,50,47551,3,11564,8239
2025-10-23,12387,12387,0,4484,2719,9068,5922,3861,11676,0,28325,0.088,0.2662,0.6458,0.4149,0.4045,0.1806,12449,0,12449,12387,0,12387,1167,43862,50,48437,1,11591,8319
2025-10-24,12391,12391,0,4179,2349,7930,5324,3703,14207,0,25003,0.0863,0.3311,0.5826,0.3623,0.444,0.1937,12454,0,12454,12391,0,12391,1097,42913,50,46852,0,11611,8376
2025-10-25,12389,12389,0,3498,1807,7481,5006,3590,11318,0,20264,0.1021,0.3218,0.5761,0.3331,0.4559,0.211,12453,0,12453,12389,0,12389,1161,35172,52,44827,17,11633,8411
2025-10-26,12388,12388,0,3444,1978,7157,4832,3419,20652,0,25780,0.0686,0.4143,0.5171,0.2271,0.6271,0.1458,12450,0,12450,12388,0,12388,1333,49851,52,52878,0,11651,8440
2025-10-27,12383,12383,0,3139,1670,6624,4523,2084,16417,0,24857,0.0481,0.3786,0.5733,0.2334,0.5471,0.2195,12443,0,12443,12383,0,12383,1262,43358,53,47468,0,11668,8462
2025-10-28,3584,3584,0,2802,1533,6258,4295,3227,11841,0,22110,0.0868,0.3185,0.5947,0.3394,0.4237,0.2369,3594,0,3594,3584,0,3584,1145,37178,49,47029,2,11674,8475
2025-10-29,3632,3632,0,2643,1564,5929,4058,2024,13434,0,21551,0.0547,0.363,0.5823,0.2642,0.4716,0.2642,3643,0,3643,3632,0,3632,1651,37009,49,39927,1,11676,8493
2025-10-30,3638,3637,1,2742,1733,5537,3701,2167,13654,0,27219,0.0503,0.3172,0.6324,0.2702,0.499,0.2309,3648,1,3649,3637,1,3638,1010,43040,50,48194,1288,11676,8499
2025-10-31,3654,3653,1,2534,1583,5088,3412,3126,8983,0,19498,0.0989,0.2842,0.6169,0.3721,0.3974,0.2306,3664,1,3665,3653,1,3654,913,31607,51,35885,2330,11676,8504
2025-11-01,3654,3653,1,2203,1370,4562,3215,3078,10339,0,16532,0.1028,0.3452,0.552,0.3607,0.4144,0.2249,3664,1,3665,3653,1,3654,1016,29949,51,32052,410,11676,8511
2025-11-02,3653,3652,1,2097,1297,4055,2937,1753,9763,0,18819,0.0578,0.3218,0.6204,0.2321,0.4197,0.3482,3663,1,3664,3652,1,3653,1057,30335,52,33689,361,11677,8512
2025-11-03,2732,2732,0,2247,1466,3576,2764,1350,7937,0,24588,0.0399,0.2343,0.7258,0.1781,0.427,0.395,2737,0,2737,2732,0,2732,1321,33875,52,36675,71,11680,8515
2025-11-04,2747,2747,0,2071,1483,3268,2657,695,10926,0,31061,0.0163,0.2562,0.7284,0.1192,0.487,0.3938,2752,0,2752,2747,0,2747,1873,42643,52,49718,164,11681,8518
2025-11-05,2749,2749,0,2101,1413,3213,2535,1004,14231,0,29512,0.0225,0.3183,0.6602,0.1821,0.4696,0.3484,2754,0,2754,2749,0,2749,1625,44703,53,52980,299,11679,8518
2025-11-06,2749,2749,0,1903,1227,3077,2399,922,11426,0,22903,0.0262,0.3248,0.651,0.1639,0.4805,0.3555,2754,0,2754,2749,0,2749,1323,35182,53,37608,75,11676,8518
2025-11-07,2749,2749,0,1949,1356,2956,2287,3252,11875,0,30104,0.0719,0.2626,0.6657,0.2385,0.4349,0.3267,2754,0,2754,2749,0,2749,1193,45220,53,48857,9,11675,8518
2025-11-08,2749,2749,0,1880,1329,2868,2216,1945,10717,0,24800,0.0519,0.2861,0.662,0.2299,0.463,0.3071,2754,0,2754,2749,0,2749,1021,37462,53,41283,0,11674,8523
2025-11-09,2749,2749,0,1785,1197,2689,2156,1129,15702,0,19957,0.0307,0.4268,0.5425,0.1552,0.5303,0.3145,2754,0,2754,2749,0,2749,1053,36788,51,39921,0,11674,8523
2025-11-10,2749,2749,0,1861,1337,2469,2056,1941,9077,0,32364,0.0448,0.2095,0.7469,0.2574,0.3526,0.39,2754,0,2754,2749,0,2749,1541,43334,53,46488,0,11661,8517
2025-11-11,2750,2750,0,1746,1235,2435,1993,1361,9939,0,30073,0.0329,0.2403,0.7271,0.1854,0.375,0.4397,2755,0,2755,2750,0,2750,1391,41358,54,43516,0,11647,8483
2025-11-12,2276,2276,0,1658,1314,2382,1938,2397,9294,0,39420,0.047,0.1823,0.7731,0.1795,0.3579,0.4626,2281,0,2281,2276,0,2276,2047,50990,54,54138,0,10819,7347
2025-11-13,2279,2279,0,1632,1258,2352,1910,2098,9810,0,53246,0.0322,0.1507,0.8178,0.1324,0.3735,0.4942,2284,0,2284,2279,0,2279,3012,65108,35,78182,0,9444,6287
2025-11-14,2278,2278,0,1578,1275,2299,1847,1151,19678,0,67502,0.013,0.2228,0.7642,0.1326,0.4339,0.4335,2283,0,2283,2278,0,2278,2531,88331,35,94006,0,8303,5636
2025-11-15,1351,1350,1,1571,1271,2262,1821,1782,28771,0,72882,0.0172,0.2782,0.7046,0.1417,0.4686,0.3896,1351,1,1352,1350,1,1351,2594,103435,31,114950,0,7715,5294
2025-11-16,1351,1351,0,1176,1099,2202,1763,1233,26787,0,53481,0.0151,0.3287,0.6562,0.1367,0.4982,0.3651,1352,0,1352,1351,0,1351,1975,81501,33,87012,0,7298,5049
2025-11-17,1351,1351,0,1171,1082,2102,1691,1273,30123,0,70686,0.0125,0.2951,0.6924,0.1434,0.4153,0.4413,1352,0,1352,1351,0,1351,2972,102082,33,108338,1,6687,4732
2025-11-18,1351,1351,0,1138,1039,1940,1609,1549,22602,0,61727,0.018,0.2632,0.7188,0.1377,0.4059,0.4564,1352,0,1352,1351,0,1351,2699,85878,33,91812,0,6293,4500
2025-11-19,1351,1351,0,1116,1001,1857,1532,1755,22600,0,56344,0.0217,0.2801,0.6982,0.1783,0.4019,0.4198,1352,0,1352,1351,0,1351,2352,80699,33,85325,0,5968,4255
2025-11-20,1351,1351,0,1075,950,1770,1463,1323,19988,0,49187,0.0188,0.2835,0.6977,0.1468,0.4149,0.4384,1352,0,1352,1351,0,1351,1974,70498,33,74753,0,5576,3904
2025-11-21,1351,1351,0,1068,929,1636,1340,709,19881,0,47340,0.0104,0.2927,0.6969,0.1032,0.4572,0.4397,1352,0,1352,1351,0,1351,2196,67930,33,72888,0,5132,3594
2025-11-22,1325,1325,0,1021,912,1265,1170,1297,18533,0,46585,0.0195,0.279,0.7014,0.1802,0.4091,0.4107,1326,0,1326,1325,0,1325,1889,66415,34,69850,5,4612,3367
2025-11-23,1264,1264,0,970,777,1246,1146,714,11221,0,20728,0.0219,0.3435,0.6346,0.1223,0.4638,0.4138,1265,0,1265,1264,0,1264,861,32663,34,34622,0,4110,3088
2025-11-24,1178,1178,0,1004,895,1232,1128,860,16083,0,46659,0.0135,0.2529,0.7336,0.156,0.3985,0.4455,1179,0,1179,1178,0,1178,1800,63602,34,67565,1,3618,2899
2025-11-25,1174,1174,0,909,815,1208,1096,565,14252,0,50284,0.0087,0.2189,0.7724,0.1161,0.3296,0.5543,1175,0,1175,1174,0,1174,2352,65101,36,69163,0,3311,2773
2025-11-26,1172,1172,0,920,811,1189,1069,1206,16299,0,51229,0.0175,0.2371,0.7453,0.1406,0.3642,0.4952,1173,0,1173,1172,0,1172,2256,68734,36,74316,0,3246,2658
2025-11-27,1173,1172,1,884,764,1179,1045,733,9789,0,32873,0.0169,0.2256,0.7575,0.1636,0.3154,0.521,1173,1,1174,1172,1,1173,1266,43395,36,45944,4,3116,2530
2025-11-28,1173,1172,1,859,774,1146,1026,543,14270,0,37963,0.0103,0.2704,0.7193,0.1373,0.3906,0.4721,1173,1,1174,1172,1,1173,1839,52776,36,56243,0,3008,2425
2025-11-29,926,926,0,836,710,1113,996,544,11105,0,31087,0.0127,0.2599,0.7274,0.1636,0.3937,0.4427,926,0,926,926,0,926,1347,42736,38,45383,1,2914,2320
2025-11-30,927,927,0,834,717,1066,956,890,4938,0,22458,0.0315,0.1746,0.794,0.1886,0.3402,0.4712,927,0,927,927,0,927,1132,28286,38,29956,4,2737,2237
2025-12-01,927,927,0,855,786,995,907,3243,16643,0,35892,0.0581,0.2984,0.6435,0.2673,0.3986,0.3341,927,0,927,927,0,927,4382,55778,53,61438,0,2516,2117
2025-12-02,925,925,0,838,760,978,893,2797,12577,0,32181,0.0588,0.2645,0.6767,0.2124,0.3742,0.4133,925,0,925,925,0,925,3469,47555,53,51897,0,2475,2053
2025-12-03,924,924,0,824,734,947,880,950,9166,0,28961,0.0244,0.235,0.7425,0.128,0.3699,0.5022,924,0,924,924,0,924,1592,39006,53,42588,4,2422,1988
2025-12-04,923,923,0,799,712,923,876,771,12034,0,38562,0.015,0.2344,0.7512,0.1104,0.3656,0.524,923,0,923,923,0,923,2002,51333,54,56637,21,2379,1951
2025-12-05,804,804,0,783,698,904,859,549,11485,0,31923,0.0125,0.2614,0.7264,0.0908,0.3901,0.5191,804,0,804,804,0,804,1604,43944,54,48008,15,2321,1880
2025-12-06,805,805,0,739,673,893,852,2909,13800,0,33847,0.0576,0.273,0.6697,0.3137,0.3506,0.3357,805,0,805,805,0,805,1454,50543,56,54540,69,2271,1837
